ID,Column1,Beach,LGA,New Count,CONF,Patrolled,Iconic,Main,National_Park,Open_Coast,Surf,Bay,Length (m),Mean Width (m),Latitude,Longitude,Changing room,Restaurant,Park
1,OEH001,Duranbah / Flagstaff,Tweed,178799.6268,A,1,0,0,0,0,1,0,630,100,-28.167682,153.551189,1,1,1
2,,Little d'bah,Tweed,,,0,0,0,0,0,0,1,70,10,-28.16867547,153.5515404,0,0,0
3,OEH004,Letitia Spit,Tweed,,,0,0,0,0,0,0,1,80,30,-28.171878,153.555014,0,0,0
4,OEH005,Letitia ,Tweed,,,0,0,0,0,0,1,0,1650,100,-28.17782546,153.558019,0,0,0
5,OEH006,Fingal,Tweed,109282.4162,A,1,0,1,0,0,0,0,1650,100,-28.196796,153.566623,1,1,1
6,OEH007,Dreamtime,Tweed,,,0,0,1,0,0,0,0,1000,25,-28.22087,153.56638,0,0,0
7,OEH008,North Kingscliff,Tweed,68668.09815,B,1,0,0,0,0,1,0,1000,30,-28.24019,153.56869,0,0,0
8,,Kingscliff / Cudgen,Tweed,134687.2448,C,1,0,1,0,0,0,0,1200,30,-28.255998,153.57845,0,0,0
9,OEH009,South Kingscliff,Tweed,136163.6768,A,1,0,0,0,1,0,0,1000,40,-28.27184649,153.5819491,0,0,0
10,OEH010,Salt,Tweed,94493.90228,A,1,0,1,0,0,0,0,500,40,-28.277096,153.578945,1,1,1
11,,Casuarina ,Tweed,64862.72766,B,1,0,1,0,0,0,0,3000,40,-28.304516,153.572817,0,0,0
12,OEH012,Cotton,Tweed,,,0,0,1,0,0,0,0,1000,35,-28.31396053,153.5708003,0,0,0
13,OEH013,Cabarita,Tweed,122438.545,A,1,0,1,0,0,0,0,2500,40,-28.331874,153.570684,0,0,0
14,OEH014,Norries Head,Tweed,,,0,0,1,0,0,0,0,200,80,-28.33583,153.57624,0,1,1
15,OEH015,Maggies,Tweed,,,0,0,0,0,0,1,0,2500,120,-28.34835,153.57565,1,0,1
16,OEH017,Hastings Point ,Tweed,98316.09233,B,1,0,1,0,0,0,0,350,40,-28.36073,153.5778,1,0,1
17,OEH016,Cudgera,Tweed,,,0,0,0,0,0,1,0,2925,140,-28.37505,153.57446,0,0,0
18,OEH018,Pottsville North,Tweed,70402.789,B,1,0,1,0,0,0,0,245,100,-28.39736,153.56816,0,0,0
19,OEH020,Mooball,Tweed,65167.20383,B,1,0,0,0,0,1,0,13000,80,-28.406542,153.564978,0,1,0
20,,Wooyung,Tweed,,,0,0,0,0,0,1,0,2630,100,-28.45639,153.55389,0,1,0
21,OEH021,Crabbes Creek,Byron,,,0,0,1,0,0,0,0,3150,110,-28.4857,153.551985,0,0,0
22,OEH023,South Golden ,Byron,113822.8071,B,1,0,1,0,0,0,0,1000,100,-28.49725,153.550804,0,0,0
23,OEH022,New Brighton  / Ocean Shores,Byron,,,0,0,1,0,0,0,0,4500,100,-28.51083,153.55167,0,0,0
24,OEH024,Harrys Hill,Byron,,,0,0,1,0,0,0,0,100,15,-28.53663,153.55407,0,0,0
25,OEH025,Torakina,Byron,,,0,0,1,0,0,0,0,80,11,-28.53671596,153.5556176,0,0,0
26,OEH031,Brunswick Heads,Byron,114181.0667,A,1,0,1,0,0,0,0,10600,120,-28.541786,153.555688,1,1,1
27,OEH027,Tyagarah,Byron,67299.93387,B,1,0,1,0,0,0,0,2000,25,-28.604426,153.576142,0,0,0
28,OEH029,Little Wategos,Byron,,,0,1,0,0,0,0,0,150,15,-28.63409,153.6374,1,0,1
29,OEH026,Wategos,Byron,351559.6932,B,1,1,0,0,0,0,0,575,40,-28.63638,153.63398,1,0,1
30,OEH030,The Pass,Byron,297699.967,B,1,0,0,0,0,1,0,800,50,-28.63794,153.62813,1,1,1
31,OEH028,Belongil,Byron,351687.0354,B,1,0,1,0,0,0,0,2500,180,-28.639813,153.610669,0,0,0
32,OEH032,Main (Byron Bay),Byron,768318.4428,A,1,1,0,0,0,0,0,800,90,-28.64083,153.61556,1,1,1
33,OEH033,Clarks,Byron,,,1,1,0,0,0,0,0,1400,50,-28.64171,153.62103,1,1,1
34,OEH034,Tallows,Byron,135605.1623,B,1,0,0,0,0,1,0,2500,150,-28.64528,153.63167,1,0,0
35,OEH035,Suffolk Park,Byron,130018.6497,B,1,0,0,0,0,1,0,3000,150,-28.68806,153.61472,1,0,0
36,OEH036,Broken Head ,Byron,146480.5963,B,1,0,0,0,0,1,0,1000,150,-28.704839,153.614595,1,1,1
37,OEH037,Kings 1,Byron,,,0,0,0,0,0,1,0,100,30,-28.70774,153.6186,0,0,0
38,OEH038,Kings 2,Byron,,,0,0,0,0,0,1,0,250,60,-28.71016,153.61737,0,0,0
39,OEH039,Brays,Byron,,,0,0,0,0,0,1,0,250,100,-28.71719,153.61644,0,0,0
40,OEH040,Whites,Byron,,,0,0,0,0,0,1,0,350,50,-28.72423,153.61647,0,0,0
41,OEH041,Seven Mile  / Lennox Head,Ballina,269195.1962,A,1,0,1,0,0,0,0,8500,100,-28.78527,153.593484,1,1,1
42,OEH042,Boulder North,Ballina,,,0,0,0,0,0,1,0,600,60,-28.81788,153.60452,0,0,0
43,OEH043,Boulder South / Iron Peg,Ballina,,,0,0,0,0,0,1,0,100,30,-28.82286,153.607,0,0,0
44,OEH044,Sharpes,Ballina,126308.3221,B,1,0,0,0,0,1,0,1300,90,-28.84206,153.604443,0,0,0
45,OEH045,Angels North,Ballina,,,1,0,1,0,0,0,0,925,100,-28.844813,153.604679,0,0,0
46,OEH046,Angels South,Ballina,,,0,0,1,0,0,0,0,700,70,-28.85388,153.59962,0,0,0
47,OEH047,Shelly,Ballina,207850.2336,A,1,0,1,0,0,0,0,700,90,-28.864995,153.593398,1,1,1
48,OEH048,Lighthouse,Ballina,86167.90486,A,1,0,0,0,0,1,0,700,150,-28.868102,153.591532,1,1,1
49,OEH049,South Ballina,Ballina,,,0,0,0,0,0,1,0,4950,160,-28.888252,153.571984,0,0,0
50,OEH050,Beswicks,Ballina,,,0,0,0,0,0,1,0,2930,100,-28.91778,153.54444,0,0,0
51,OEH051,Robins,Ballina,,,0,0,0,0,0,1,0,2500,120,-28.93222,153.53139,0,0,0
52,OEH052,Patches,Ballina,,,0,0,0,0,0,1,0,7500,100,-28.94972,153.51583,0,0,0
53,OEH053,Broadwater,Richmond Valley,,,0,0,0,0,0,1,0,4700,100,-29.0375,153.45361,1,0,1
54,OEH054,Airforce,Richmond Valley,,,0,0,1,0,0,0,0,4550,120,-29.11111,153.435,1,1,1
55,OEH056,Evans Head,Richmond Valley,126518.9079,A,1,0,1,0,0,0,0,2880,150,-29.11224,153.433893,1,1,1
56,OEH057,Razorback / Shark Bay / Little,Richmond Valley,,,0,0,0,0,0,1,0,120,80,-29.11378,153.43814,1,0,0
57,OEH058,Red Hill,Richmond Valley,,,0,0,0,0,0,1,0,150,40,-29.12298,153.45074,0,0,0
58,OEH059,Chinamans North,Richmond Valley,,,0,0,0,0,0,1,0,100,100,-29.12719,153.44977,0,0,0
59,OEH061,Chinaman’s South,Richmond Valley,,,0,0,0,0,0,1,0,1000,100,-29.13129,153.44858,0,0,0
60,,New Zealand ,Richmond Valley,,,0,0,0,0,0,1,0,625,50,-29.13781,153.45229,0,0,0
61,OEH062,Ten Mile,Clarence Valley,,,0,0,0,1,0,0,0,26,140,-29.14333,153.45194,1,0,1
62,OEH063,Shark Bay ,Clarence Valley,,,0,0,0,1,0,0,0,2500,110,-29.18306,153.41556,1,0,1
63,OEH064,Woody Bay,Clarence Valley,,,0,0,0,1,0,0,0,1200,50,-29.36346,153.36544,1,1,1
64,OEH065,Woody Back,Clarence Valley,,,0,0,0,1,0,0,0,1350,100,-29.37456,153.37056,1,0,1
65,OEH066,Frazer Reef,Clarence Valley,,,0,0,0,1,0,0,0,150,100,-29.38393,153.37033,1,0,0
66,OEH068,Iluka Bluff,Clarence Valley,81177.97342,B,1,0,0,1,0,0,0,1200,60,-29.395517,153.371774,0,0,0
67,OEH067,Iluka,Clarence Valley,,,0,0,0,0,0,1,0,2600,180,-29.41023,153.36552,0,1,0
68,OEH070,Moriartys Wall,Clarence Valley,,,0,0,0,0,0,0,1,500,20,-29.42265,153.35838,0,0,0
69,OEH069,Iluka Wall  (Wave Trap),Clarence Valley,,,0,0,0,0,0,1,0,200,30,-29.42271,153.36185,0,0,0
70,OEH072,Turners,Clarence Valley,128768.5471,B,1,0,0,0,0,1,0,375,200,-29.42983,153.36375,1,1,1
71,OEH071,Whiting ,Clarence Valley,,,0,0,0,0,0,0,1,700,20,-29.43168,153.35841,0,0,0
72,OEH073,Yamba Main,Clarence Valley,150849.1838,A,1,0,1,0,0,0,0,250,80,-29.435418,153.364005,1,1,0
73,OEH074,Convent,Clarence Valley,,,0,0,0,0,0,1,0,100,40,-29.43826,153.36725,1,1,1
74,OEH075,Pippi,Clarence Valley,264642.3453,B,1,0,0,0,0,1,0,1600,120,-29.44648,153.36516,1,0,0
75,OEH076,Barri ,Clarence Valley,,,0,0,0,0,0,1,0,1500,120,-29.46107,153.35927,0,0,0
76,OEH077,Green Point Cove,Clarence Valley,,,0,0,0,0,0,1,0,250,50,-29.47077,153.35835,0,0,1
77,OEH078,Angourie / Spooky ,Clarence Valley,,,0,1,0,0,0,0,0,440,60,-29.47692,153.36045,0,0,0
78,,Angourie Point ,Clarence Valley,,,0,1,0,0,0,0,0,100,35,-29.48236,153.36476,1,0,1
79,OEH080,Back Angourie ,Clarence Valley,,,0,0,0,1,0,0,0,1500,140,-29.48967,153.361,0,0,0
80,OEH082,Little Shelly,Clarence Valley,,,0,0,0,1,0,0,0,125,20,-29.51107,153.36021,0,0,0
81,OEH081,Shelly,Clarence Valley,,,0,0,1,0,0,0,0,800,60,-29.51992,153.35791,1,1,1
82,OEH083,Caves,Clarence Valley,,,0,0,0,1,0,0,0,2600,70,-29.5386,153.34999,0,0,0
83,OEH084,Plumbago,Clarence Valley,,,0,0,0,1,0,0,0,2800,140,-29.55913,153.34079,1,0,1
84,OEH085,Red Cliff,Clarence Valley,,,0,0,0,1,0,0,0,250,60,-29.57113,153.33736,1,0,0
85,,Brooms Head Main ,Clarence Valley,77765.82072,B,1,0,1,0,0,0,0,4500,120,-29.5933,153.33137,0,1,1
86,,North Sandon,Clarence Valley,,,0,0,0,1,0,0,0,7300,180,-29.64024,153.32489,0,0,0
87,OEH089,Sandon River,Clarence Valley,,,0,0,0,1,0,0,0,300,5,-29.67586,153.32955,0,0,0
88,,Little Pebbly,Clarence Valley,,,0,0,0,1,0,0,0,100,15,-29.6785,153.33188,0,0,0
89,OEH091,Pebbly  (Clarence),Clarence Valley,,,0,0,0,1,0,0,0,375,25,-29.68077,153.3307,0,0,0
90,OEH093,Hatchcover,Clarence Valley,,,0,0,0,1,0,0,0,150,15,-29.68308,153.33014,0,0,0
91,OEH092,Sandon / Illaroo,Clarence Valley,,,0,0,0,1,0,0,0,9200,130,-29.72084,153.30207,1,0,1
92,OEH094,Illaroo South ,Clarence Valley,,,0,0,0,1,0,0,0,200,40,-29.76035,153.29462,1,0,0
93,OEH095,Rocky Point,Clarence Valley,,,0,0,0,1,0,0,0,250,30,-29.76284,153.29609,0,0,0
94,OEH097,Minnie Water Main,Clarence Valley,35861.80283,A,1,0,1,0,0,0,0,1400,100,-29.769133,153.295386,1,0,1
95,OEH098,Pipers Hill / Boat Harbour,Clarence Valley,,,0,0,0,0,0,0,1,125,40,-29.77638,153.30159,0,0,0
96,OEH099,Tree Point 1,Clarence Valley,,,0,0,0,0,1,0,0,50,15,-29.779069,153.301872,0,0,0
97,OEH100,Tree Point 2,Clarence Valley,,,0,0,0,0,1,0,0,150,35,-29.78071,153.29939,0,0,0
98,,Tree Point 3,Clarence Valley,,,0,0,0,0,1,0,0,100,30,-29.78219,153.29826,0,0,0
99,OEH102,Minnie Water Back ,Clarence Valley,,,0,0,0,1,0,0,0,2900,100,-29.79471,153.28948,0,0,0
100,OEH103,Diggers Camp Nth / Where Ever  ,Clarence Valley,,,0,0,0,1,0,0,0,300,80,-29.80973,153.28837,0,0,0
101,OEH104,Diggers Camp,Clarence Valley,,,0,0,0,0,0,1,0,500,70,-29.81395,153.28951,1,0,1
102,OEH105,Stony ,Clarence Valley,,,0,0,0,1,0,0,0,150,30,-29.81966,153.29146,0,0,1
103,OEH106,Wilsons / Bare ,Clarence Valley,,,0,0,0,1,0,0,0,200,25,-29.82672,153.29067,1,0,1
104,OEH107,Wooli,Clarence Valley,26360.00834,B,1,0,1,0,0,0,0,6600,90,-29.86061,153.26865,0,1,1
105,OEH108,Jones,Clarence Valley,,,0,0,0,1,0,0,0,750,140,-29.89132,153.27069,0,0,0
106,OEH109,Barcoongere Rocks North,Clarence Valley,,,0,0,0,1,0,0,0,100,30,-29.90788,153.27237,0,0,0
107,OEH110,Barcoongere Rocks South,Clarence Valley,,,0,0,0,1,0,0,0,300,50,-29.91422,153.27206,0,0,0
108,OEH111,Freshwater ,Clarence Valley,,,0,0,0,1,0,0,0,2700,40,-29.92421,153.26576,0,0,0
109,OEH112,Pebbly  (Coffs Harbour,Coffs Harbour,,,0,0,0,1,0,0,0,900,50,-29.94427,153.25757,1,0,0
110,OEH113,Station Creek,Coffs Harbour,,,0,0,0,1,0,0,0,4300,150,-29.9652,153.24495,0,0,0
111,OEH114,Little  (Coffs Harbour),Coffs Harbour,,,0,0,0,0,0,1,0,200,50,-29.98124,153.23292,0,1,1
112,OEH115,Red Rock,Coffs Harbour,23313.77759,B,1,0,0,0,0,1,0,5200,60,-29.98262,153.230331,1,1,1
113,OEH116,Corindi North,Coffs Harbour,,,0,0,0,0,0,1,0,350,50,-30.035126,153.197651,1,1,1
114,OEH117,Corindi,Coffs Harbour,,,1,0,0,0,0,1,0,3200,130,-30.046142,153.195133,1,1,1
115,OEH119,Arrawarra Beach,Coffs Harbour,,,0,0,0,0,0,1,0,750,60,-30.0593,153.19991,1,1,1
116,OEH120,Oceanview,Coffs Harbour,,,0,0,0,0,0,1,0,900,100,-30.06334,153.20261,1,1,1
117,OEH121,Mullaway,Coffs Harbour,,,0,0,0,0,0,1,0,700,150,-30.07243,153.20357,1,1,1
118,OEH122,Cabins/South Mullaway,Coffs Harbour,,,0,0,0,0,0,1,0,650,60,-30.08018,153.20218,1,1,1
119,OEH123,Mullaway Head,Coffs Harbour,,,0,0,0,0,0,1,0,50,60,-30.08388,153.20162,0,0,0
120,OEH124,Safety  (Darkhum),Coffs Harbour,,,0,0,0,0,0,1,0,1200,150,-30.0895,153.2003,1,1,1
121,OEH125,Woolgoolga ,Coffs Harbour,202519.0398,B,1,0,1,0,0,0,0,1700,100,-30.110018,153.203535,1,1,1
122,OEH126,Woolgoolga Back ,Coffs Harbour,,,0,0,0,0,0,1,0,1800,120,-30.12014,153.20548,0,0,0
123,OEH127,Hearnes Lake,Coffs Harbour,,,0,0,0,0,0,1,0,2100,140,-30.13806,153.20022,0,0,0
124,OEH128,Sandy,Coffs Harbour,,,0,0,0,0,0,1,0,1200,140,-30.15139,153.20061,1,0,1
125,OEH129,Fiddamans,Coffs Harbour,,,0,0,0,0,0,1,0,1200,110,-30.16048,153.19709,0,0,0
126,OEH131,Emerald,Coffs Harbour,,,1,0,0,0,0,1,0,800,100,-30.170817,153.188935,1,0,1
127,OEH130,Shelly,Coffs Harbour,,,0,0,0,0,1,0,0,625,30,-30.17526,153.18953,1,1,1
128,OEH133,Moonee,Coffs Harbour,,,0,0,0,0,0,1,0,4600,140,-30.19248,153.17124,1,0,1
129,OEH134,Sapphire,Coffs Harbour,,,0,0,0,0,0,1,0,2375,60,-30.231107,153.152871,1,0,1
130,OEH135,Riecks Point,Coffs Harbour,,,0,0,0,0,1,0,0,400,100,-30.23617,153.15349,0,0,0
131,OEH136,Pelican / Nautilus ,Coffs Harbour,,,0,0,0,0,1,0,0,750,60,-30.24167,153.14889,0,0,0
132,OEH137,Campbells,Coffs Harbour,,,0,0,0,0,1,0,0,800,60,-30.24654,153.14545,0,0,1
133,OEH138,Hills North ,Coffs Harbour,,,0,0,0,0,1,0,0,150,100,-30.25034,153.14301,0,0,0
134,OEH139,Hills/Opal Cove,Coffs Harbour,,,0,0,0,0,1,0,0,600,80,-30.25425,153.14116,1,0,1
135,OEH140,Korora,Coffs Harbour,,,0,0,0,0,0,1,0,650,70,-30.25998,153.13939,1,0,1
136,OEH141,Charlesworth Bay,Coffs Harbour,,,0,0,0,0,0,1,0,500,40,-30.26726,153.14004,1,0,1
137,OEH142,Diggers North,Coffs Harbour,,,0,0,0,0,0,1,0,300,90,-30.27012,153.14426,0,0,0
138,,Diggers South / Little Diggesr,Coffs Harbour,,,1,0,0,0,0,1,0,825,100,-30.274686,153.142401,0,0,0
139,OEH144,Macauleys Headland,Coffs Harbour,,,0,0,0,0,0,1,0,50,30,-30.27787,153.14626,0,0,0
140,OEH145,Park  North,Coffs Harbour,,,1,0,1,0,0,0,0,1500,60,-30.294532,153.139264,1,1,1
141,OEH146,Park  South / North Wall,Coffs Harbour,,,0,0,1,0,0,0,0,600,120,-30.2985,153.13992,1,1,1
142,OEH147,Jetty ,Coffs Harbour,,,0,0,0,0,0,0,1,1400,100,-30.306,153.14039,1,0,1
143,OEH149,Gallows,Coffs Harbour,,,0,0,0,0,0,1,0,150,20,-30.31237,153.14241,0,0,0
144,OEH150,Boambee,Coffs Harbour,,,0,0,0,0,0,1,0,5700,140,-30.33236,153.1206,0,0,0
145,OEH151,Murrays/Sawtell,Coffs Harbour,396903.8133,B,1,0,1,0,0,0,0,2080,140,-30.368211,153.102145,1,1,1
146,OEH148,Bonville / Bongil / Bundagen,Coffs Harbour,,,0,0,0,1,0,0,0,6800,140,-30.39945,153.08144,0,0,0
147,OEH153,North,Bellingen,32681.68314,B,1,0,1,0,0,0,0,8750,90,-30.46740191,153.0446726,1,0,1
148,OEH152,Hungry Head North,Bellingen,,,0,0,0,0,1,0,0,2500,100,-30.5115,153.02952,0,0,0
149,OEH154,Hungry Head,Bellingen,30152.99317,A,1,0,1,0,0,0,0,2000,90,-30.522122,153.027111,1,1,1
150,OEH155,Schnapper,Bellingen,,,0,0,0,0,1,0,0,1000,80,-30.5426,153.02603,0,0,0
151,OEH156,Wenonah Head / Valla,Bellingen,,,0,0,0,0,0,1,0,5200,80,-30.56882,153.01585,0,0,0
152,OEH157,Valla Head / Walla ,Nambucca Valley,48645.0745,B,1,0,0,0,0,1,0,425,40,-30.5937,153.01381,0,0,0
153,OEH158,South Valla,Nambucca Valley,,,0,0,0,0,0,1,0,650,150,-30.59779,153.0128,1,0,0
154,,Hyland,Nambucca Valley,,,0,0,0,0,1,0,0,3000,80,-30.61502,153.01051,0,0,0
155,OEH159,Nambucca North,Nambucca Valley,,,0,0,0,0,0,1,0,800,90,-30.63086,153.0134,0,0,0
156,OEH160,Nambucca Main,Nambucca Valley,26845.02477,A,1,0,1,0,0,0,0,600,60,-30.638746,153.015263,1,1,0
157,OEH161,Beilbys,Nambucca Valley,,,0,0,0,0,1,0,0,300,70,-30.64006,153.01694,0,0,0
158,OEH162,Shelly,Nambucca Valley,,,0,0,1,0,0,0,0,535,50,-30.64622,153.01835,1,1,1
159,OEH163,V Wall,Nambucca Valley,,,0,0,0,0,0,0,1,20,20,-30.64708,153.01121,0,0,0
160,OEH164,Entrance / Wellington,Nambucca Valley,,,0,0,0,0,0,1,0,200,100,-30.64874,153.01821,1,0,0
161,OEH166,Forster - Scotts Head,Nambucca Valley,136622.8234,B,1,0,1,0,0,0,0,11250,150,-30.744774,152.997255,1,0,1
162,OEH167,Little,Nambucca Valley,,,0,0,0,0,0,1,0,150,100,-30.7461,152.99827,1,1,1
163,OEH168,Scotts Head  / Wakki,Nambucca Valley,69587.86379,C,1,0,0,0,0,1,0,150,30,-30.75102,152.99978,0,0,0
164,OEH169,Middle Head ,Kempsey,,,0,0,0,0,1,0,0,2200,70,-30.7727,152.99688,0,0,0
165,OEH170,Grassy Head ,Kempsey,90949.48864,B,1,0,1,0,0,0,0,1975,90,-30.78651,152.99693,1,0,0
166,OEH171,Stuarts Point ,Kempsey,,,0,0,0,0,0,1,0,9000,90,-30.83748,153.00466,1,1,1
167,OEH172,Back ,Kempsey,,,0,0,0,0,0,1,0,1625,70,-30.87877,153.03294,0,0,0
168,OEH173,Trial Bay Goal,Kempsey,,,0,0,1,0,0,0,0,1850,20,-30.879042,153.069974,0,0,0
169,OEH174,Horseshoe Bay,Kempsey,227071.1985,B,1,0,1,0,0,0,0,150,50,-30.88302,153.04008,1,1,1
170,OEH175,Front  (South West Rocks),Kempsey,68553.36018,A,1,0,1,0,0,0,0,1850,120,-30.883764,153.042098,1,0,1
171,OEH176,Little Bay,Kempsey,,,0,0,0,0,1,0,0,200,60,-30.88808,153.07623,0,0,1
172,OEH165,Gap ,Kempsey,,,0,0,0,0,0,1,0,900,140,-30.9031,153.08114,0,0,1
173,OEH177,Cobble ,Kempsey,,,0,0,0,0,1,0,0,40,50,-30.90891,153.08408,0,0,0
174,OEH179,North Smoky 1,Kempsey,,,0,0,0,0,0,1,0,100,50,-30.91331,153.08673,0,0,0
175,OEH181,North Smoky 2,Kempsey,,,0,0,0,0,0,1,0,150,100,-30.91533,153.08598,0,0,0
176,OEH182,North Smoky 3,Kempsey,,,0,0,0,0,0,1,0,350,100,-30.91766,153.08578,1,0,1
177,OEH183,South Smoky 1,Kempsey,,,0,0,0,0,0,1,0,2500,200,-30.9575,153.05667,1,0,1
178,OEH186,South Smoky 2,Kempsey,,,0,0,0,1,0,0,0,10,200,-31.00944,153.03778,0,0,1
179,OEH184,Hat Head,Kempsey,81712.21915,A,1,0,0,0,0,1,0,2000,90,-31.054562,153.052442,1,1,1
180,OEH185,Gap ,Kempsey,,,0,0,0,0,0,1,0,200,40,-31.0595,153.05945,0,0,1
181,OEH187,Connors ,Kempsey,,,0,0,0,1,0,0,0,350,60,-31.06413,153.05687,0,0,0
182,OEH188,Third ,Kempsey,,,0,0,0,1,0,0,0,200,50,-31.07052,153.05345,0,0,0
183,OEH190,Killick / Crescent Head / Front ,Kempsey,,,0,1,0,0,0,0,0,15200,40,-31.12628,153.0044,0,0,0
184,OEH191,Killick  North,Kempsey,,,0,0,0,0,0,1,0,8000,150,-31.18333,152.97611,0,0,0
185,OEH192,Killick  South,Kempsey,153232.3145,A,1,0,0,0,0,1,0,7,100,-31.186992,152.978863,1,1,1
186,OEH193,Pebbly  / Shelly ,Kempsey,,,0,0,0,0,1,0,0,375,30,-31.18751,152.98276,0,0,1
187,OEH195,Goolawah  / Back ,Kempsey,,,0,0,0,0,0,1,0,6600,100,-31.21924,152.96413,0,0,0
188,OEH197,Racecourse / Sunset ,Kempsey,,,0,0,0,0,0,1,0,1075,100,-31.25676,152.96837,1,0,1
189,OEH198,Delicate Nobby,Kempsey,,,0,0,0,0,0,1,0,2000,120,-31.26989,152.96697,1,0,1
190,OEH199,Big Hill (2)   (The Rock),Kempsey,,,0,0,0,0,0,1,0,50,80,-31.28416,152.96818,0,0,1
191,OEH200,Barries,Kempsey,,,0,0,0,0,0,0,1,3000,80,-31.30099,152.96412,0,1,0
192,OEH201,Point Plomer  (Fingers),Port Macquarie-Hastings,,,0,0,0,0,0,1,0,300,100,-31.31601,152.97342,0,0,0
193,OEH202,Queens Head,Port Macquarie-Hastings,,,0,0,0,1,0,0,0,200,70,-31.31948,152.97152,1,0,1
194,OEH203,North Shore ,Port Macquarie-Hastings,,,0,0,0,0,0,1,0,13050,100,-31.36391,152.93544,0,0,0
195,OEH204,Pelican Point / North Breakwall  / Pilot ,Port Macquarie-Hastings,,,0,0,0,0,0,0,1,100,50,-31.42435,152.91355,0,0,0
196,OEH205,Town,Port Macquarie-Hastings,480516.1321,A,1,0,1,0,0,0,0,625,50,-31.429973,152.920567,1,1,1
197,,Oxley ,Port Macquarie-Hastings,,,0,0,0,0,1,0,0,250,60,-31.43205,152.92325,0,1,1
198,OEH207,Rocky ,Port Macquarie-Hastings,,,0,0,0,0,1,0,0,425,40,-31.4386,152.92563,0,0,1
199,OEH208,Flynns ,Port Macquarie-Hastings,321320.47,A,1,0,1,0,0,0,0,500,60,-31.442691,152.925743,1,1,1
200,OEH209,Nobbys / The Dog ,Port Macquarie-Hastings,,,0,0,0,0,1,0,0,400,50,-31.44639,152.92972,1,1,1
201,OEH210,Shelly,Port Macquarie-Hastings,,,0,0,1,0,0,0,0,750,90,-31.45487,152.93176,1,1,1
202,OEH883,Pandanus Cove,Port Macquarie-Hastings,,,0,0,0,0,1,0,0,50,20,-31.46001,152.93553,0,0,0
203,OEH211,Miners North,Port Macquarie-Hastings,,,0,0,0,0,1,0,0,350,40,-31.46229,152.93476,0,0,0
204,OEH212,Miners South,Port Macquarie-Hastings,,,0,0,0,0,1,0,0,600,50,-31.46768,152.93381,0,0,0
205,OEH213,Tacking Point North / Little Bay,Port Macquarie-Hastings,,,0,0,0,0,1,0,0,100,40,-31.47381,152.93693,0,0,0
206,OEH214,Tacking Point - Lighthouse,Port Macquarie-Hastings,124599.371,A,1,0,0,0,0,1,0,680,160,-31.475154,152.932579,1,1,1
207,OEH215,Lighthouse ,Port Macquarie-Hastings,,,1,0,0,0,1,0,0,10200,100,-31.51341,152.89279,0,0,0
208,OEH217,Lake Cathie,Port Macquarie-Hastings,69138.88285,B,1,0,1,0,0,0,0,1900,40,-31.55034,152.857945,0,1,1
209,OEH216,Middle Rock ,Port Macquarie-Hastings,,,0,0,0,0,0,1,0,100,40,-31.56448,152.85032,0,0,0
210,OEH218,Rainbow / Bonny Hills,Port Macquarie-Hastings,106043.1528,A,1,0,0,0,0,1,0,2500,70,-31.589398,152.838914,1,0,1
211,OEH219,Boat Ramp,Port Macquarie-Hastings,,,0,0,0,0,0,1,0,200,30,-31.59076,152.84087,0,0,0
212,OEH220,Bartletts - Sponys Bay,Port Macquarie-Hastings,,,0,0,1,0,0,0,0,300,50,-31.59341,152.84234,1,0,1
213,OEH221,Shark,Port Macquarie-Hastings,,,0,0,0,0,0,1,0,400,160,-31.6048,152.8421,0,0,0
214,OEH223,North Haven / Grants ,Port Macquarie-Hastings,71942.58127,A,1,0,0,0,0,1,0,3000,100,-31.634033,152.833261,1,0,0
215,OEH224,Pilot ,Port Macquarie-Hastings,,,0,0,0,0,0,0,1,250,110,-31.63818,152.83515,1,0,1
216,OEH225,Wash House,Port Macquarie-Hastings,,,0,0,0,0,1,0,0,800,60,-31.64116,152.84024,0,0,1
217,OEH226,Pebbly  (Port Macquarie-Hastings),Port Macquarie-Hastings,,,0,0,0,0,1,0,0,50,30,-31.64554,152.84196,0,0,0
218,OEH227,Dunbogan ,Port Macquarie-Hastings,,,0,0,0,0,0,1,0,9350,120,-31.67842,152.80698,0,0,1
219,OEH228,Kylie ,Mid-Coast,,,0,0,0,0,0,0,1,400,100,-31.73386,152.79656,1,0,1
220,OEH229,Crowdy Head ,Mid-Coast,31025.08493,A,1,0,0,0,0,1,0,14800,100,-31.84268,152.743455,1,1,1
221,OEH230,Harrington ,Mid-Coast,,,0,0,0,0,0,1,0,5600,90,-31.85712,152.72402,0,0,0
222,OEH231,Manning Point ,Mid-Coast,,,0,0,0,0,0,1,0,10000,100,-31.91143,152.64574,1,0,1
223,OEH232,Old Bar,Mid-Coast,34130.52737,A,1,0,1,0,0,0,0,6000,120,-31.970773,152.591426,1,1,1
224,OEH233,Saltwater / Wallabi,Mid-Coast,,,0,0,0,0,0,1,0,1000,60,-32.00164,152.56723,0,0,1
225,OEH234,Saltwater / Badges,Mid-Coast,,,0,0,0,0,0,0,1,2000,70,-32.00929,152.5642,0,0,0
226,OEH235,"Diamond (Back Saltwater, Back)",Mid-Coast,31156.48421,B,1,0,0,0,0,1,0,3000,90,-32.02669,152.54897,1,0,1
227,OEH236,Diamond South ,Mid-Coast,,,0,0,0,0,0,1,0,150,30,-32.05249,152.54339,0,0,0
228,OEH237,Shelly,Mid-Coast,,,0,0,1,0,0,0,0,400,40,-32.05613,152.54617,1,1,1
229,OEH238,Black Head ,Mid-Coast,54387.12652,A,1,0,0,0,0,1,0,1580,70,-32.07082,152.544905,1,1,1
230,OEH239,Pebbly,Mid-Coast,,,0,0,0,0,0,0,1,200,35,-32.07475,152.54676,0,0,0
231,OEH240,Diamond Reef ,Mid-Coast,,,0,0,0,0,0,1,0,300,150,-32.07857,152.5447,0,0,0
232,OEH241,Nine Mile ,Mid-Coast,,,0,0,0,0,0,1,0,11700,30,-32.12748,152.50912,0,0,0
233,OEH242,Tuncurry ,Mid-Coast,,,0,0,0,0,0,1,0,5700,90,-32.13056,152.50806,0,0,0
234,OEH243,Tuncurry Rock Pool,Mid-Coast,,,0,0,1,0,0,0,0,80,30,-32.17406,152.50653,0,0,0
235,,Forster Main ,Mid-Coast,169912.2197,A,1,1,0,0,0,0,0,500,120,-32.177962,152.51148,1,1,1
236,OEH245,Pebbly,Mid-Coast,,,0,0,0,0,0,0,1,250,70,-32.17903,152.51813,0,0,0
237,OEH246,One Mile ,Mid-Coast,84406.13757,A,1,0,0,0,0,1,0,1300,110,-32.195352,152.537196,1,1,1
238,OEH247,Burgess ,Mid-Coast,,,0,0,0,0,0,0,1,300,30,-32.20031,152.54278,0,0,0
239,OEH248,McBrides ,Mid-Coast,,,0,0,0,0,0,0,1,200,80,-32.20907,152.56102,0,0,0
240,OEH249,Cape Hawke North ,Mid-Coast,,,0,0,0,0,0,0,1,30,20,-32.21678,152.56766,0,0,0
241,OEH250,Cape Hawke South ,Mid-Coast,,,0,0,0,0,0,0,1,50,30,-32.2226,152.56514,0,0,0
242,OEH251,Janies Corner,Mid-Coast,,,0,0,0,0,0,1,0,200,80,-32.23223,152.56129,0,0,0
243,OEH252,Seven Mile ,Mid-Coast,,,0,0,0,0,0,1,0,9700,120,-32.26973,152.53018,1,0,1
244,OEH253,Lindeman Cove,Mid-Coast,,,0,0,0,0,0,0,1,100,30,-32.31935,152.52884,0,0,0
245,OEH254,Shelly,Mid-Coast,,,0,0,1,0,0,0,0,300,50,-32.32926,152.54473,1,1,1
246,OEH255,Elizabeth ,Mid-Coast,123420.7466,A,1,0,0,0,0,0,1,600,110,-32.330817,152.536868,1,0,1
247,OEH257,Boomerang ,Mid-Coast,116883.4391,B,1,0,0,0,0,1,0,1450,120,-32.34036,152.54342,0,0,0
248,OEH256,Blueys ,Mid-Coast,,,0,0,0,0,0,1,0,975,130,-32.3526,152.53697,0,0,1
249,OEH258,Sandbar / Cellito ,Mid-Coast,,,0,0,0,0,0,1,0,2800,80,-32.3896,152.52159,0,0,0
250,OEH259,Number Six ,Mid-Coast,,,0,0,0,0,0,0,1,175,100,-32.40559,152.51683,0,0,0
251,OEH260,Number Five ,Mid-Coast,,,0,0,0,0,0,0,1,275,110,-32.40895,152.51614,0,0,0
252,OEH261,Number Four ,Mid-Coast,,,0,0,0,0,0,0,1,125,80,-32.41371,152.51633,0,0,0
253,OEH262,Number Three ,Mid-Coast,,,0,0,0,0,0,0,1,125,60,-32.41607,152.51635,0,0,0
254,OEH263,Number Two ,Mid-Coast,,,0,0,0,0,0,0,1,275,50,-32.41916,152.51654,0,0,0
255,OEH264,Number One ,Mid-Coast,,,0,0,0,0,0,0,1,1350,100,-32.42932,152.51978,0,1,1
256,OEH265,Boat ,Mid-Coast,,,0,0,0,0,0,0,1,550,90,-32.43528,152.53183,0,0,1
257,OEH266,Lighthouse ,Mid-Coast,,,0,0,0,0,1,0,0,1950,110,-32.44357,152.52819,0,0,0
258,,Treachery ,Mid-Coast,,,0,0,0,0,0,1,0,1850,180,-32.45399,152.50833,0,0,0
259,OEH267,Submarine / Fiona / Yagon ,Mid-Coast,,,0,0,0,0,0,1,0,8800,180,-32.46909,152.4535,0,0,0
260,,Mungo ,Mid-Coast,,,0,0,0,0,0,1,0,16800,120,-32.53435,152.32671,1,1,1
261,,Dark Point North ,Mid-Coast,,,0,0,0,0,0,1,0,1625,160,-32.59696,152.27622,0,0,0
262,,"Bennetts  (Dark Point , White Sands, Lemon Tree, The Baskets,  Lovers Walk)",Mid-Coast,,,0,0,0,0,0,1,0,13300,140,-32.62941,152.21266,1,1,1
263,,Hawks Nest,Mid-Coast,247919.6369,A,1,0,1,0,0,0,0,1000,40,-32.673633,152.184967,0,0,0
264,,Winda Woppa,Mid-Coast,,,0,0,0,0,0,0,1,1400,15,-32.67889,152.15389,0,0,0
265,,Jimmys,Port Stephens,,,0,0,0,0,0,0,1,500,20,-32.68917,152.185,0,0,0
266,OEH268,Soldiers Point,Port Stephens,,,0,0,0,0,0,0,1,630,11,-32.70306,152.06639,0,0,0
267,,Soldiers Point (S),Port Stephens,,,0,0,0,0,0,0,1,300,11,-32.70694,152.06917,0,0,0
268,,Little/ Little Nelson Bay,Port Stephens,,,0,0,0,0,0,0,1,300,14,-32.71278,152.15806,0,0,0
269,,Wanda,Port Stephens,,,0,0,0,0,0,1,0,1600,10,-32.714788,152.074111,0,0,0
270,OEH269,Nelson Bay,Port Stephens,,,0,0,0,0,0,0,1,550,10,-32.716859,152.150066,0,0,0
271,,Shoal Bay,Port Stephens,,,0,0,1,0,0,0,0,2500,25,-32.71722,152.16778,0,0,0
272,,Corlette,Port Stephens,,,0,0,0,0,0,0,1,300,8,-32.71778,152.10889,0,0,0
273,OEH271,Nelson Bay Marina,Port Stephens,,,0,0,0,0,0,0,1,250,6,-32.719379,152.146726,0,0,0
274,OEH270,Zenith ,Port Stephens,,,0,0,0,1,0,0,0,400,120,-32.71976,152.18445,0,0,0
275,OEH272,Dutchmans,Port Stephens,,,0,0,0,0,0,0,1,400,7,-32.719857,152.133791,0,0,0
276,OEH273,Bagnalls,Port Stephens,,,0,0,0,0,0,0,1,1000,10,-32.719907,152.127665,0,0,0
277,OEH275,Wreck North ,Port Stephens,,,0,0,0,1,0,0,0,50,40,-32.72317,152.18352,0,0,0
278,,Wreck ,Port Stephens,,,0,0,0,1,0,0,0,225,120,-32.72569,152.18285,0,0,0
279,OEH277,Box ,Port Stephens,,,0,0,0,1,0,0,0,350,130,-32.73117,152.18258,0,0,0
280,OEH278,Fly Roads ,Port Stephens,,,0,0,0,1,0,0,0,1400,120,-32.73711,152.18339,0,0,0
281,OEH280,Fingal ,Port Stephens,474423.2841,A,1,0,1,0,0,0,0,2700,70,-32.742707,152.171064,1,1,1
282,OEH284,Shark Bay ,Port Stephens,,,0,0,0,1,0,0,0,30,10,-32.74396,152.20089,1,0,1
283,OEH282,Samurai ,Port Stephens,,,0,0,0,1,0,0,0,1100,180,-32.76612,152.12647,0,0,0
284,OEH283,One Mile / Anna Bay,Port Stephens,449015.2831,A,1,0,0,0,0,1,0,1300,100,-32.77409,152.11725,1,1,1
285,OEH279,Birubi Point,Port Stephens,590809.7218,A,1,0,0,0,0,1,0,400,60,-32.783271,152.075666,1,1,0
286,OEH281,Boulder ,Port Stephens,,,0,0,0,0,0,0,1,50,40,-32.78674,152.11417,0,0,0
287,,Kingsley ,Port Stephens,,,0,0,0,1,0,0,0,100,50,-32.7872,152.10342,0,0,0
288,OEH293,Little Kingsley ,Port Stephens,,,0,0,0,1,0,0,0,30,30,-32.78772,152.09984,0,0,0
289,OEH285,Boat Harbour,Port Stephens,,,0,0,1,0,0,0,0,200,50,-32.78796,152.11126,0,0,0
290,OEH286,Fishermans Bay,Port Stephens,,,0,0,0,1,0,0,0,50,40,-32.78856,152.09198,1,0,1
291,,Newcastle Bight / Stockton,Newcastle,,,0,0,1,0,0,0,0,26,150,-32.88778,151.7975,0,0,0
292,OEH288,Stockton,Newcastle,254903.3337,A,1,0,1,0,0,0,0,32,40,-32.910369,151.787857,1,1,1
293,OEH289,Little Park ,Newcastle,,,0,0,0,0,0,0,1,200,40,-32.91623,151.79,0,0,0
294,,Nobbys Head,Newcastle,,,0,1,0,0,0,0,0,250,30,-32.91843,151.79922,0,0,0
295,OEH291,Horseshoe ,Newcastle,,,0,0,0,0,0,0,1,220,13,-32.92161,151.79247,0,0,0
296,OEH292,Nobbys,Newcastle,701717.4404,A,1,1,0,0,0,0,0,800,60,-32.92459749,151.7918032,1,1,0
297,OEH294,Newcastle ,Newcastle,1021396.15,A,1,0,1,0,0,0,0,650,50,-32.92934,151.7868953,1,1,1
298,,Susan Gilmour ,Newcastle,,,0,0,0,0,0,1,0,100,20,-32.93972,151.77176,0,0,0
299,OEH296,Bar ,Newcastle,572660.4023,A,1,0,1,0,0,0,0,500,50,-32.941681,151.767,1,1,0
300,OEH297,Dixon Park ,Newcastle,538219.9464,A,1,0,0,0,0,1,0,580,70,-32.944929,151.760884,1,0,1
301,OEH300,Merewether ,Newcastle,614834.0327,A,1,1,0,0,0,0,0,330,60,-32.949602,151.756229,1,1,0
302,OEH302,The Gulf,Newcastle,,,0,0,0,0,0,1,0,50,20,-32.95229,151.7547,0,0,0
303,OEH304,The Gulf (S),Newcastle,,,0,0,0,0,0,1,0,500,70,-32.95379,151.75045,0,0,0
304,OEH305,Glenrock / Burwood,Newcastle,,,0,0,0,0,1,0,0,1300,30,-32.95931,151.74186,0,0,0
305,OEH306,Dudley ,Lake Macquarie,,,0,0,0,0,0,1,0,1300,50,-32.97322,151.73029,0,0,0
306,OEH307,Redhead / Nine Mile ,Lake Macquarie,1402597.064,B,1,1,0,0,0,0,0,1000,120,-33.013916,151.719842,1,1,0
307,OEH308,Blacksmiths / Nine Mile,Lake Macquarie,664785.8832,C,1,0,0,0,0,0,1,6900,100,-33.080357,151.657112,1,1,1
308,OEH309,Swansea Wall  (Belmont),Lake Macquarie,,,0,0,0,0,0,0,1,100,40,-33.08723,151.66357,0,0,1
309,OEH310,Swansea Heads ,Lake Macquarie,,,1,0,0,0,1,0,0,100,30,-33.09289,151.66128,0,0,0
310,OEH311,Crabbes ,Lake Macquarie,,,0,0,0,0,0,1,0,300,40,-33.09670162,151.6583886,0,0,0
311,OEH312,Hams ,Lake Macquarie,,,0,0,0,0,0,1,0,1500,60,-33.10275039,151.6516187,0,0,0
312,OEH314,Caves ,Lake Macquarie,707551.4172,B,1,1,0,0,0,0,0,300,60,-33.110361,151.64608,1,1,1
313,,Stinky Point ,Lake Macquarie,,,0,0,0,0,1,0,0,250,50,-33.11933,151.64749,0,0,0
314,,Quarry ,Lake Macquarie,,,0,0,0,0,1,0,0,300,30,-33.1235,151.64678,0,0,0
315,OEH316,Pinny ,Lake Macquarie,,,0,0,0,1,0,0,0,250,70,-33.12927,151.64296,0,0,0
316,OEH317,Catherine Hill Bay / Middle Camp ,Lake Macquarie,295178.7066,B,1,1,0,0,0,0,0,1500,60,-33.157886,151.629047,1,1,1
317,,Catherine Hill Bay South / Little ,Lake Macquarie,,,0,0,0,0,0,0,1,100,20,-33.16078,151.63263,0,0,0
318,OEH320,Moonee,Central Coast,,,0,0,0,0,0,1,0,1000,80,-33.16954,151.63196,1,0,1
319,OEH321,Little/Ghosties,Central Coast,,,0,0,0,1,0,0,0,200,60,-33.177,151.63147,0,0,0
320,OEH322,Timber,Central Coast,,,0,0,0,1,0,0,0,100,50,-33.17934,151.62906,0,0,0
321,OEH876,Bongon ,Central Coast,,,0,0,0,1,0,0,0,50,50,-33.18621451,151.6267581,0,0,0
322,,Frazer Park,Central Coast,172794.3188,B,1,0,0,1,0,0,0,400,70,-33.187031,151.622139,1,0,1
323,OEH323,Deadmans/Gravelly,Central Coast,,,0,0,0,1,0,0,0,70,30,-33.19516,151.62288,0,0,0
324,,Little Birdie,Central Coast,,,0,0,0,1,0,0,0,40,30,-33.1997,151.61856,0,0,0
325,OEH325,Waterfall,Central Coast,,,0,0,0,1,0,0,0,1000,90,-33.20230169,151.6106854,0,0,0
326,OEH326,Red Ochre,Central Coast,,,0,0,0,1,0,0,0,1000,90,-33.20500986,151.6070757,0,0,0
327,OEH327,Birdie,Central Coast,,,0,0,0,1,0,0,0,1500,90,-33.22048775,151.5889702,1,1,0
328,OEH328,Budgewoi,Central Coast,,,1,0,0,0,0,1,0,4500,90,-33.2371162,151.5710103,0,0,0
329,OEH330,Lakes,Central Coast,132593.4757,B,1,0,0,0,0,1,0,1500,30,-33.254398,151.56234,0,0,0
330,OEH331,Lakes South / Hargraves,Central Coast,,,0,0,0,0,0,1,0,1200,50,-33.26332,151.56239,0,0,0
331,OEH332,Jenny Dixons,Central Coast,,,0,0,0,0,0,1,0,300,50,-33.271,151.5641,1,0,1
332,OEH333,Noraville/ Cabbage Tree Harbour,Central Coast,,,0,0,0,0,0,0,1,300,30,-33.27847,151.56758,0,0,1
333,OEH335,Norah Head / Lighthouse,Central Coast,,,0,0,0,0,0,0,1,300,20,-33.2807,151.57412,0,0,1
334,OEH334,Gravelly/Pebbly,Central Coast,,,0,0,0,0,0,1,0,600,50,-33.2865,151.57153,0,0,0
335,OEH337,Soldiers,Central Coast,693285.5055,B,1,0,1,0,0,0,0,900,70,-33.289513,151.5665,1,1,0
336,OEH338,Tuggerah - Magenta,Central Coast,33293.4647,B,1,0,0,0,0,1,0,4100,30,-33.307091,151.535906,0,0,0
337,OEH339,Magenta,Central Coast,,,0,0,0,0,0,1,0,500,30,-33.31332043,151.5269965,0,0,0
338,,Tuggerah / North Entrance,Central Coast,51327.54128,B,1,0,0,0,0,1,0,4100,70,-33.33874,151.507454,1,0,1
339,OEH341,The Entrance,Central Coast,505389.4032,B,1,0,1,0,0,0,0,300,50,-33.347883,151.503243,1,1,0
340,OEH343,Blue Bay,Central Coast,,,0,0,0,0,0,1,0,250,40,-33.35508,151.50226,0,0,0
341,OEH342,Toowoon Bay,Central Coast,294052.8841,B,1,0,1,0,0,0,0,700,50,-33.362204,151.499845,1,1,1
342,OEH344,Little Bay,Central Coast,,,0,0,0,0,1,0,0,200,20,-33.36277,151.50127,0,0,1
343,OEH345,Shelly,Central Coast,,,1,0,1,0,0,0,0,1500,90,-33.37296544,151.4870652,1,1,1
344,OEH346,Blue Lagoon,Central Coast,,,0,0,0,0,0,1,0,400,30,-33.37892,151.48651,0,0,0
345,OEH347,Bateau Bay,Central Coast,,,0,0,0,1,0,0,0,200,40,-33.38384,151.48424,0,0,1
346,OEH348,Forresters ,Central Coast,,,0,0,0,0,0,1,0,1500,70,-33.4128,151.46624,0,0,0
347,OEH349,Spoon Bay,Central Coast,,,0,0,0,0,0,1,0,1070,80,-33.42207,151.45724,0,0,0
348,OEH350,Wamberal,Central Coast,220746.1571,B,1,0,0,0,0,1,0,1800,100,-33.43035,151.446736,1,1,1
349,OEH351,Terrigal,Central Coast,640407.3704,B,1,1,0,0,0,0,0,1000,60,-33.446325,151.444369,1,1,1
350,OEH352,Terrigal Haven,Central Coast,,,0,0,0,0,0,0,1,200,40,-33.44798,151.44918,1,1,1
351,OEH353,North Avoca,Central Coast,285545.1833,B,1,0,0,0,0,1,0,900,70,-33.45774818,151.4393316,1,0,1
352,OEH354,Avoca,Central Coast,859495.9016,B,1,0,1,0,0,0,0,600,60,-33.470681,151.436985,1,1,0
353,OEH355,Copacabana ,Central Coast,418939.0925,B,1,0,0,0,0,1,0,750,50,-33.490566,151.431913,1,1,1
354,OEH357,MacMasters,Central Coast,711320.7459,B,1,0,0,0,0,1,0,750,50,-33.500665,151.424906,1,1,1
355,,Little,Central Coast,,,0,0,0,0,0,1,0,50,40,-33.51053,151.41864,1,1,1
356,OEH356,Maitland Bay,Central Coast,,,0,0,0,0,0,0,1,600,60,-33.52314,151.39376,1,0,1
357,,Ocean,Central Coast,428272.7343,B,1,0,1,0,0,0,0,1300,80,-33.524575,151.320209,1,1,0
358,OEH358,Umina,Central Coast,1040653.37,B,1,0,1,0,0,0,0,1300,60,-33.527079,151.315366,1,1,1
359,OEH360,Putty,Central Coast,,,0,0,0,0,0,0,1,800,50,-33.52838,151.372029,1,0,0
360,OEH363,Lobster,Central Coast,,,0,0,0,0,0,0,1,320,20,-33.52996,151.34098,1,0,0
361,,Bullimah,Central Coast,,,0,0,0,0,0,1,0,50,20,-33.53172,151.38024,0,0,0
362,OEH364,Killcare,Central Coast,152122.3828,C,1,0,0,0,0,1,0,800,80,-33.532519,151.358854,1,0,1
363,,Tallow,Central Coast,,,0,0,0,0,0,1,0,500,80,-33.53766,151.35127,1,0,0
364,,Little Tallow,Central Coast,,,0,0,0,0,0,0,1,150,60,-33.53997,151.34816,0,0,0
365,,Iron Ladder,Central Coast,,,0,0,0,0,0,0,1,100,25,-33.54055,151.34291,0,0,0
366,,Pearl,Central Coast,,,0,0,0,0,0,0,1,1000,50,-33.54167,151.30855,1,1,1
367,,Patonga,Central Coast,,,0,0,0,0,0,0,1,100,15,-33.55056,151.27306,0,0,0
368,OEH371,Middle Head,Central Coast,,,0,0,0,0,0,0,1,100,13,-33.55081,151.30844,0,0,0
369,OEH369,Little Patonga,Central Coast,,,0,0,0,0,0,0,1,500,18,-33.56306,151.26306,0,0,0
370,OEH370,Flint and Steel,Northern Beaches,,,0,0,0,0,0,0,1,100,20,-33.57306,151.28583,0,0,0
371,OEH372,Flannel Flower,Northern Beaches,,,0,0,0,0,1,0,0,100,3,-33.57610656,151.3061752,0,0,0
372,,Hungry,Northern Beaches,,,0,0,0,0,0,0,1,120,12,-33.58278,151.27556,0,0,0
373,OEH375,Resolute ,Northern Beaches,,,0,0,0,1,0,0,0,60,10,-33.58472,151.30667,0,0,0
374,OEH374,Station (Barrebjoey),Northern Beaches,,,0,0,0,0,0,0,1,1500,10,-33.5875,151.32389,0,0,0
375,,Great Mackerel ,Northern Beaches,,,0,0,0,1,0,0,0,640,10,-33.59,151.30056,0,0,0
376,,North Palm ,Northern Beaches,292456.6237,A,1,0,0,0,0,1,0,1400,100,-33.591461,151.323909,1,1,1
377,,Currawong ,Northern Beaches,,,0,0,0,1,0,0,0,360,10,-33.59611,151.29944,0,0,0
378,OEH376,Palm,Northern Beaches,939918.5174,A,1,1,0,0,0,0,0,900,80,-33.598919,151.324626,1,1,1
379,OEH377,Snapperman ,Northern Beaches,,,0,0,0,0,0,0,1,640,10,-33.59917,151.31778,0,0,0
380,OEH378,Sandy ,Northern Beaches,,,0,0,0,0,0,0,1,470,10,-33.60333,151.31833,0,0,0
381,,The Basin,Northern Beaches,,,0,0,0,0,0,0,1,500,10,-33.60389,151.29306,0,0,0
382,,Bonnie Doon,Northern Beaches,,,0,0,0,0,0,0,1,60,8,-33.60639,151.29361,0,0,0
383,OEH379,Portuguese ,Northern Beaches,,,0,0,0,1,0,0,0,80,10,-33.61056,151.30139,0,0,0
384,OEH380,Whale,Northern Beaches,132925.4944,A,1,0,0,0,0,1,0,600,70,-33.611445,151.330545,1,1,1
385,OEH382,Paradise ,Northern Beaches,,,0,0,0,0,0,0,1,160,10,-33.62361,151.31694,0,0,0
386,OEH383,Old Wharf,Northern Beaches,,,0,0,0,0,0,0,1,300,0,-33.62880513,151.3151475,0,0,0
387,OEH381,Clareville,Northern Beaches,,,0,0,0,0,0,0,1,320,10,-33.634888,151.310683,0,0,0
388,OEH384,Taylors,Northern Beaches,,,0,0,0,0,0,0,1,200,7,-33.63528,151.30611,0,0,0
389,OEH385,Avalon,Northern Beaches,351965.6202,A,1,0,1,0,0,0,0,500,70,-33.635931,151.331578,1,1,1
390,OEH386,Bilgola,Northern Beaches,226606.5262,A,1,0,0,0,0,0,1,500,70,-33.646349,151.326871,1,1,0
391,OEH387,Newport,Northern Beaches,513562.1718,A,1,0,1,0,0,0,0,1300,100,-33.653819,151.322899,1,0,1
392,OEH388,Bungan,Northern Beaches,74757.0975,A,1,0,0,0,0,1,0,600,80,-33.664836,151.320659,1,0,0
393,OEH389,The Basin,Northern Beaches,,,0,0,0,0,0,0,1,300,40,-33.67655,151.3159,0,0,0
394,OEH390,Mona Vale,Northern Beaches,407491.244,A,1,0,0,0,0,1,0,1000,80,-33.678615,151.313458,1,1,1
395,OEH391,Warriewood,Northern Beaches,205756.3863,A,1,0,0,0,0,1,0,500,60,-33.692442,151.308839,1,1,0
396,OEH392,Turimetta / Little Narrabeen (Northern es),Northern Beaches,,,0,0,0,0,0,1,0,350,70,-33.69911,151.31001,0,0,1
397,OEH392,North Narrabeen,Northern Beaches,606345.795,A,1,0,0,0,0,1,0,950,90,-33.705004,151.304967,1,1,1
398,OEH393,Narrabeen,Northern Beaches,138662.3741,A,1,0,0,0,0,1,0,1000,90,-33.715077,151.299934,1,1,1
399,OEH394,South Narrabeen,Northern Beaches,65862.05349,A,1,0,0,0,0,1,0,1000,70,-33.722862,151.299041,1,0,0
400,OEH395,Collaroy,Northern Beaches,471013.244,A,1,0,1,0,0,0,0,700,60,-33.733058,151.302421,1,0,1
401,OEH396,Fishermans,Northern Beaches,,,1,0,0,0,0,0,1,500,30,-33.73822,151.30708,1,0,1
402,OEH397,Long Reef Head,Northern Beaches,,,0,0,0,0,0,1,0,50,20,-33.74112,151.31623,0,0,1
403,OEH398,Butter Box,Northern Beaches,,,0,0,0,0,0,1,0,30,20,-33.74266,151.31482,0,0,0
404,OEH399,Long Reef,Northern Beaches,582186.0281,A,1,0,0,0,0,1,0,1000,60,-33.744824,151.304635,1,1,1
405,,Dee Why,Northern Beaches,1318950.298,A,1,0,1,0,0,0,0,800,80,-33.752293,151.296688,1,1,1
406,,North Curl Curl,Northern Beaches,732394.5146,A,1,0,0,0,0,1,0,600,100,-33.766432,151.299328,1,1,0
407,OEH400,South Curl Curl,Northern Beaches,538707.533,A,1,0,0,0,0,1,0,800,120,-33.773154,151.292599,1,1,1
408,OEH401,Freshwater,Northern Beaches,961252.6023,A,1,0,0,0,0,1,0,350,200,-33.781172,151.290023,1,1,1
409,,Queenscliff,Northern Beaches,1117615.222,A,1,0,0,0,0,1,0,400,100,-33.785879,151.287793,1,0,1
410,,North Steyne ,Northern Beaches,1500349.541,A,1,0,0,0,0,1,0,400,120,-33.79083266,151.2873464,1,1,0
411,OEH404,Pickering Point,Northern Beaches,,,0,0,0,0,0,0,1,30,5,-33.7935,151.23535,0,0,0
412,OEH402,West Esplanande / Manly Cove,Northern Beaches,,,0,0,0,0,0,0,1,230,18,-33.79861,151.28167,0,0,0
413,,Delwood ,Northern Beaches,,,0,0,0,0,0,0,1,30,5,-33.79917,151.27806,0,0,0
414,,Manly ,Northern Beaches,6257278.969,A,1,1,0,0,0,0,0,600,100,-33.799655,151.290418,1,1,1
415,OEH403,Fairlight,Northern Beaches,,,0,0,0,0,0,0,1,80,10,-33.79972,151.275,0,0,0
416,,Esplande,Northern Beaches,,,0,0,0,0,0,0,1,50,8,-33.80028,151.27333,0,0,0
417,,Shelly ,Northern Beaches,,,0,0,0,0,0,0,1,100,80,-33.8006,151.2977,0,0,0
418,,Fairy Bower,Northern Beaches,,,0,0,0,0,0,0,1,60,20,-33.80083,151.29352,0,0,0
419,OEH405,East Esplanade / Manly Cove,Northern Beaches,,,0,0,1,0,0,0,0,250,8,-33.80083,151.28583,0,0,0
420,,Sandy Bay,Northern Beaches,,,0,0,0,0,0,0,1,150,7,-33.8025,151.25222,0,0,0
421,,Forty Baskets ,Northern Beaches,,,0,0,0,0,0,0,1,100,12,-33.80341,151.270083,0,0,0
422,OEH407,Spit East ,Mosman,,,0,0,0,0,0,0,1,470,9,-33.80667,151.2475,0,0,0
423,OEH406,Little Manly,Northern Beaches,,,0,0,0,0,0,0,1,140,20,-33.80667,151.28667,0,0,0
424,OEH408,Clontarf Beach,Northern Beaches,,,0,0,0,0,0,0,1,660,20,-33.80694,151.25139,0,0,0
425,,Reef ,Northern Beaches,,,0,0,0,1,0,0,0,80,8,-33.8075,151.27389,0,0,0
426,,Collins Flat,Northern Beaches,,,0,0,0,1,0,0,0,70,22,-33.80806,151.29139,0,0,0
427,,Castle Rock,Northern Beaches,,,0,0,0,1,0,0,0,30,8,-33.81139,151.25917,0,0,0
428,,Store ,Northern Beaches,,,0,0,0,1,0,0,0,200,10,-33.81194,151.28944,0,0,0
429,OEH410,Chinamans ,Mosman,,,0,0,0,0,0,0,1,230,13,-33.81444,151.24833,0,0,0
430,,Washaway ,Northern Beaches,,,0,0,0,1,0,0,0,100,7,-33.815,151.26333,0,0,0
431,,Quarantine,Northern Beaches,,,0,1,0,0,0,0,0,110,15,-33.815336,151.286562,0,0,0
432,,Edwards,Mosman,,,0,0,1,0,0,0,0,430,22,-33.82167,151.25111,0,0,0
433,,Cobblers,Mosman,,,0,0,0,0,0,0,1,100,5,-33.82583,151.26333,0,0,0
434,,Balmoral,Mosman,,,0,1,0,0,0,0,0,860,16,-33.82694,151.25222,0,0,0
435,,Obelisk ,Mosman,,,0,0,0,0,0,0,1,90,9,-33.82972,151.26083,0,0,0
436,,Lady Bay,Woollahra,,,0,0,0,0,0,0,1,90,14,-33.83556,151.27917,0,0,0
437,,Clifton Gardens / Chowder Bay,Mosman,,,0,0,0,0,0,0,1,120,9,-33.83889,151.25306,0,0,0
438,,Camp Cove,Woollahra,,,0,0,0,0,0,0,1,240,14,-33.83944,151.27889,0,0,0
439,OEH413,Sirius Cove,Mosman,,,0,0,0,0,0,0,1,100,9,-33.839516,151.236679,0,0,0
440,,Little Sirius Cove,Mosman,,,0,0,0,0,0,0,1,30,5,-33.84056,151.23778,0,0,0
441,,Cabarita,Canada Bay,,,0,0,1,0,0,0,0,160,11,-33.841891,151.118327,0,0,0
442,OEH412,Watsons Bay,Woollahra,,,0,1,0,0,0,0,0,200,11,-33.8425,151.28139,0,0,0
443,OEH414,Taylors Bay,Mosman,,,0,0,0,1,0,0,0,50,21,-33.84278,151.24583,0,0,0
444,,Watsons Bay (S),Woollahra,,,0,0,0,0,0,0,1,60,10,-33.84389,151.28167,0,0,0
445,,Whiting ,Mosman,,,0,0,0,0,0,0,1,90,8,-33.84417,151.23806,0,0,0
446,,Ashton Reserve,Mosman,,,0,0,0,1,0,0,0,50,4,-33.84556,151.24667,0,0,0
447,,Athol ,Mosman,,,0,0,0,0,0,0,1,100,8,-33.84583,151.24222,0,0,0
448,,Gibsons ,Woollahra,,,0,0,0,0,0,0,1,120,16,-33.84639,151.28083,0,0,0
449,,Kutti ,Woollahra,,,0,0,0,0,0,0,1,80,15,-33.84722,151.27889,0,0,0
450,,Quarantine Reserve,Canada Bay,,,0,0,0,0,0,0,1,180,9,-33.848069,151.122372,0,0,0
451,OEH415,Shark,Woollahra,,,0,0,0,0,0,0,1,220,18,-33.85056,151.26639,0,0,0
452,,Parsley Bay ,Woollahra,,,0,0,0,0,0,0,1,60,50,-33.85139,151.2775,0,0,0
453,,Bradleys Head,Mosman,,,0,0,0,1,0,0,0,100,4,-33.85167,151.2475,0,0,0
454,OEH416,Vaucluse Park,Woollahra,,,0,0,0,0,0,0,1,80,50,-33.85278,151.27333,0,0,0
455,OEH417,Milk,Woollahra,,,0,0,0,0,0,0,1,45,9,-33.85664,151.267253,0,0,0
456,,Bayview Park,Canada Bay,,,0,0,0,0,0,0,1,330,5,-33.857139,151.121511,0,0,0
457,OEH418,Little Bay,Woollahra,,,0,0,0,0,0,0,1,45,20,-33.8575,151.26833,0,0,1
458,OEH419,Hermit,Woollahra,,,0,0,0,0,0,0,1,30,20,-33.85861,151.26889,0,0,0
459,OEH420,Queens,Woollahra,,,0,0,0,0,0,0,1,55,10,-33.861124,151.268861,0,0,0
460,OEH421,Lady Martins ,Woollahra,,,0,0,0,0,0,0,1,160,8,-33.865008,151.253298,0,0,0
461,OEH423,Carthona Ave,Woollahra,,,0,0,0,0,0,0,1,0,0,-33.86778,151.24056,0,0,0
462,OEH424,Rose Bay,Woollahra,,,0,0,0,0,0,0,1,230,10,-33.86841,151.269103,0,0,0
463,OEH425,Bellamy,Woollahra,,,0,0,0,0,0,0,1,180,10,-33.869585,151.253662,0,0,0
464,OEH426,Seven Shillings ,Woollahra,,,0,0,0,0,0,0,1,390,12,-33.87111,151.24861,0,0,0
465,OEH427,Double Bay,Woollahra,,,0,0,0,0,0,0,1,270,10,-33.87389,151.24361,0,0,0
466,,North Bondi,Waverley,1258036.737,C,1,1,0,0,0,0,0,300,100,-33.889935,151.280959,1,1,0
467,OEH429,Bondi,Waverley,4563802.511,A,1,1,0,0,0,0,0,500,100,-33.890135,151.277903,1,1,1
468,,Tamarama,Waverley,1155407.73,A,1,0,1,0,0,0,0,80,100,-33.900077,151.271233,1,1,1
469,OEH428,Bronte,Waverley,1081893.407,A,1,0,1,0,0,0,0,250,60,-33.903346,151.267705,1,1,1
470,,Clovelly,Randwick,3183797.283,A,1,0,1,0,0,0,0,70,100,-33.91479,151.267391,1,1,1
471,,Gordons Bay,Randwick,,,0,0,0,0,0,0,1,75,20,-33.91485,151.26155,0,0,0
472,OEH431,Coogee,Randwick,3966726.741,A,1,1,0,0,0,0,0,400,80,-33.923179,151.257928,1,1,1
473,OEH432,Cooks River,Bayside,,,0,0,0,0,0,0,1,300,15,-33.94717,151.172064,0,0,0
474,OEH433,Maroubra,Randwick,3570214.005,A,1,0,1,0,0,0,0,500,80,-33.947359,151.256627,1,1,1
475,OEH436,Kyeemagh ,Bayside,,,0,0,0,0,0,0,1,800,20,-33.950749,151.164746,0,0,0
476,,Maroubra South,Randwick,222604.5299,C,1,0,0,0,0,1,0,500,100,-33.951224,151.255567,1,1,1
477,OEH437,Foreshore,Bayside,,,0,0,0,0,0,0,1,270,5,-33.955438,151.195397,0,0,0
478,,Brighton-Le-Sands,Bayside,,,0,1,0,0,0,0,0,1600,30,-33.962222,151.15616,0,0,0
479,,Malabar,Randwick,,,0,0,0,0,0,0,1,150,70,-33.96436,151.25234,1,0,1
480,,Monterey ,Bayside,,,0,0,0,0,0,0,1,1000,30,-33.97581,151.15087,0,0,0
481,OEH430,Little Bay 1,Randwick,,,0,0,0,0,0,0,1,50,40,-33.97866,151.25188,0,0,0
482,OEH441,Yarra Bay,Randwick,,,0,0,0,0,0,0,1,650,30,-33.979802,151.229108,0,0,0
483,OEH440,Little Bay 2,Randwick,,,0,0,0,0,0,0,1,100,40,-33.98032,151.25159,0,0,0
484,,Frenchmans Bay (N) ,Randwick,,,0,0,0,0,0,0,1,170,18,-33.983469,151.230401,0,0,0
485,,Frenchmans Bay (S) ,Randwick,,,0,0,0,0,0,0,1,420,10,-33.98528,151.23111,0,0,0
486,OEH444,Ramsgate,Bayside,,,0,0,0,0,0,0,1,750,15,-33.98542,151.14805,0,0,0
487,OEH442,Congwong  / La Perouse,Randwick,,,0,0,0,1,0,0,0,200,40,-33.98936,151.23506,0,1,1
488,,Little Congwong ,Randwick,,,0,0,0,1,0,0,0,200,30,-33.99145,151.23801,0,0,0
489,,Dolls Point ,Bayside,,,0,0,0,0,0,0,1,580,75,-33.996276,151.14662,0,0,0
490,OEH445,Sandringham (N),Bayside,,,0,0,0,0,0,0,1,430,16,-33.99694,151.14194,0,0,0
491,,Towra Point,Sutherland,,,0,0,0,0,0,0,1,200,14,-34.000068,151.162518,0,0,0
492,,Towra (E),Sutherland,,,0,0,0,0,0,0,1,800,13,-34.0025,151.16694,0,0,0
493,OEH447,Sandringham,Bayside,,,0,0,0,0,0,0,1,650,30,-34.00333,151.13778,0,0,0
494,OEH446,Towra (W),Sutherland,,,0,0,0,0,0,0,1,530,13,-34.004077,151.158413,0,0,0
495,OEH448,Sandringham (S),Bayside,,,0,0,0,0,0,0,1,800,7,-34.005,151.12944,0,0,0
496,OEH449,Kurnell / Silver,Sutherland,,,0,0,0,0,0,0,1,2000,20,-34.00778,151.19917,0,0,0
497,OEH450,Taren Point ,Sutherland,,,0,0,0,0,0,0,1,100,12,-34.010786,151.127059,0,0,0
498,OEH451,Pelican Point,Sutherland,,,0,0,0,0,0,0,1,320,9,-34.014363,151.141861,0,0,0
499,,Taren Point (S),Sutherland,,,0,0,0,0,0,0,1,150,1,-34.014767,151.125602,0,0,0
500,OEH452,Green Hills,Sutherland,,,0,0,0,0,0,1,0,2700,60,-34.03583,151.18056,0,0,0
501,OEH453,Boat Harbour (Sutherland),Sutherland,,,0,0,0,0,0,1,0,150,40,-34.03813,151.20055,0,0,0
502,,Wanda,Sutherland,1785774.808,A,1,0,0,0,0,1,0,1500,90,-34.043436,151.161167,0,0,0
503,,Elouera,Sutherland,1160284.181,A,1,0,0,0,0,1,0,350,50,-34.046172,151.158856,1,1,0
504,OEH454,North Cronulla,Sutherland,2458006.179,A,1,1,0,0,0,0,0,300,50,-34.050524,151.155578,1,1,1
505,,South Cronulla,Sutherland,2499148.389,A,1,1,0,0,0,0,0,300,60,-34.056033,151.154647,1,1,1
506,OEH457,Gunnamatta Park ,Sutherland,,,0,0,0,0,0,0,1,690,15,-34.058222,151.149867,0,0,0
507,,Blackwood’s,Sutherland,,,0,0,0,0,0,0,1,30,10,-34.05941,151.15777,0,0,0
508,OEH456,Shelly,Sutherland,,,0,0,0,0,0,0,1,30,20,-34.0647,151.15575,1,1,1
509,OEH458,Lugano Ave,Sutherland,,,0,0,0,0,0,0,1,110,7,-34.06583,151.14028,0,0,0
510,OEH459,Darook Park,Sutherland,,,0,0,0,0,0,0,1,115,10,-34.06917,151.14778,0,0,0
511,OEH460,Oak Park ,Sutherland,,,0,0,0,0,0,0,1,30,10,-34.07029,151.15675,1,0,1
512,OEH462,Deeban Spit ,Sutherland,,,0,0,0,0,0,0,1,1000,45,-34.07722,151.13362,0,0,0
513,OEH461,Jibbon,Sutherland,,,0,0,0,0,0,0,1,700,30,-34.08152,151.16344,0,0,0
514,OEH463,Gunyah,Sutherland,,,0,0,0,0,0,0,1,130,0,-34.08167,151.15556,0,0,0
515,OEH464,Bonnie Vale,Sutherland,,,0,0,0,0,0,0,1,240,10,-34.0825,151.13861,0,0,0
516,OEH465,Horderns ,Sutherland,,,0,0,0,0,0,0,1,600,25,-34.082791,151.148097,0,0,0
517,OEH466,Marley,Sutherland,,,0,0,0,1,0,0,0,300,60,-34.11624,151.14085,0,0,0
518,,Little Marley,Sutherland,,,0,0,0,1,0,0,0,100,30,-34.12127,151.13552,0,0,0
519,OEH469,Wattamolla,Sutherland,,,0,0,0,1,0,0,0,200,80,-34.13766,151.11847,1,1,1
520,,Garie,Sutherland,152534.2656,B,1,0,0,1,0,0,0,900,80,-34.170486,151.066036,1,1,0
521,OEH471,Little Garie,Wollongong,,,0,0,0,1,0,0,0,100,30,-34.17428,151.06283,0,0,0
522,OEH472,North Era,Wollongong,,,0,0,0,1,0,0,0,300,70,-34.17833,151.05667,0,0,1
523,OEH473,Era,Wollongong,24473.66947,C,1,0,0,1,0,0,0,350,80,-34.18049,151.052208,0,0,1
524,OEH474,Burning Palms,Wollongong,39438.57971,C,1,0,0,1,0,0,0,500,60,-34.185039,151.044644,0,0,0
525,OEH475,Werrong,Wollongong,,,0,0,0,1,0,0,0,200,40,-34.20445,151.0208,0,0,0
526,OEH476,Bulgo,Wollongong,,,0,0,0,1,0,0,0,220,20,-34.21405,151.01178,0,0,0
527,OEH477,Thommos Rock,Wollongong,,,0,0,0,1,0,0,0,50,20,-34.22677,150.99634,0,0,0
528,OEH478,Stanwell Park,Wollongong,253697.057,B,1,0,0,0,0,1,0,850,120,-34.230745,150.988784,1,1,1
529,OEH479,Coalcliff North,Wollongong,,,0,0,0,0,1,0,0,100,20,-34.24208,150.9799,0,0,0
530,OEH480,Coalcliff,Wollongong,73327.3747,B,1,0,0,0,0,1,0,500,60,-34.24459,150.97662,1,1,0
531,OEH481,Scarborough North,Wollongong,,,0,0,0,0,1,0,0,150,30,-34.26875,150.96409,0,0,0
532,OEH483,Scarborough,Wollongong,94568.67769,B,1,0,0,0,0,1,0,800,60,-34.274461,150.958098,1,1,1
533,OEH484,Wombarra,Wollongong,,,0,0,0,0,0,1,0,400,20,-34.2788,150.95607,1,1,0
534,OEH485,Coledale,Wollongong,64872.1536,B,1,0,0,0,0,1,0,300,80,-34.288662,150.948245,1,0,1
535,OEH487,Sharky,Wollongong,,,0,0,0,0,0,1,0,400,50,-34.29611,150.94266,0,0,0
536,OEH489,Brickyard / Long Point,Wollongong,,,0,0,0,0,1,0,0,100,30,-34.30024,150.94146,0,0,0
537,,Little Austinmer,Wollongong,,,0,0,0,0,0,1,0,300,50,-34.30374,150.93837,0,0,1
538,OEH490,Austinmer,Wollongong,330080.4514,B,1,0,1,0,0,0,0,250,80,-34.305407,150.936087,1,1,1
539,OEH491,Thirroul,Wollongong,263400.8938,B,1,0,1,0,0,0,0,1000,90,-34.316061,150.927602,1,1,1
540,OEH519,McCauleys,Wollongong,,,0,0,0,0,0,1,0,1000,60,-34.32486,150.9246,0,0,1
541,OEH492,Sandon Point,Wollongong,188699.4504,B,1,0,0,0,0,1,0,900,70,-34.330888,150.927928,1,0,1
542,OEH493,Bulli,Wollongong,275226.9246,B,1,0,1,0,0,0,0,900,80,-34.339567,150.925224,1,1,1
543,OEH495,Woonona,Wollongong,134751.3849,B,1,0,0,0,0,1,0,1000,100,-34.348763,150.92017,1,1,1
544,OEH496,Bellambi ,Wollongong,31994.02899,C,1,0,0,0,0,1,0,1000,100,-34.364381,150.920138,1,1,1
545,OEH497,Bellambi Point,Wollongong,,,0,0,0,0,1,0,0,300,80,-34.368478,150.930404,0,0,0
546,OEH498,East Corrimal,Wollongong,,,0,0,0,0,0,1,0,1400,80,-34.3759,150.92353,1,1,0
547,,Corrimal,Wollongong,,,1,0,0,0,0,1,0,1000,80,-34.382063,150.914863,1,1,0
548,OEH500,Towradgi,Wollongong,88883.54969,B,1,0,0,0,0,1,0,1000,90,-34.38778,150.91194,1,1,1
549,OEH501,Fairy Meadow,Wollongong,194620.7359,B,1,0,0,0,0,1,0,2000,105,-34.396274,150.905076,1,1,1
550,OEH502,Puckey's ,Wollongong,,,0,0,0,0,0,1,0,1000,30,-34.40278,150.90306,1,1,1
551,OEH503,North Wollongong,Wollongong,504951.7923,B,1,1,0,0,0,0,0,500,90,-34.413787,150.901428,1,1,1
552,,Belmore / Wollongong Harbour (Brighton),Wollongong,,,0,0,0,0,0,0,1,200,30,-34.42102,150.90441,1,0,1
553,OEH504,Wollongong City,Wollongong,236182.8206,B,1,0,1,0,0,0,0,4200,120,-34.422933,150.906007,1,1,1
554,,Wollongong South,Wollongong,,,0,0,0,0,0,1,0,1400,40,-34.44583,150.90019,0,0,0
555,OEH508,Port Kembla Harbour,Wollongong,,,0,0,0,0,0,0,1,250,20,-34.47306,150.90389,0,0,0
556,,MM,Wollongong,,,0,0,0,0,0,1,0,150,30,-34.48044,150.91368,0,0,0
557,OEH507,Fishermans ,Wollongong,,,0,0,0,0,0,0,1,500,50,-34.49033,150.91733,0,0,0
558,OEH505,Port Kembla,Wollongong,215297.3164,B,1,0,0,0,0,1,0,3000,100,-34.4931,150.908718,1,1,1
559,OEH509,Perkins - Windang,Wollongong,,,0,0,0,0,0,1,0,6000,30,-34.51504,150.88473,0,0,0
560,,Windang  (South),Wollongong,45534.56112,B,1,0,0,0,0,1,0,3560,100,-34.53828,150.872661,1,1,1
561,,Warilla North,Shellharbour,,,0,0,1,0,0,0,0,666.6666667,35,-34.546438,150.872564,0,0,0
562,OEH513,Warilla,Shellharbour,,,0,0,1,0,0,0,0,666.6666667,80,-34.549406,150.868672,1,1,1
563,OEH514,Warilla South,Shellharbour,71771.73047,B,0,0,1,0,0,0,0,666.6666667,17,-34.5597722,150.8690278,0,0,0
564,OEH515,Shellharbour North /Nuns,Shellharbour,151098.8352,B,1,0,1,0,0,0,0,60,30,-34.571924,150.867166,1,1,1
565,OEH516,Shellharbour / Boatharbour,Shellharbour,,,0,0,0,0,0,0,1,1000,90,-34.577412,150.870498,1,1,0
566,,Shellharbour South,Shellharbour,,,1,0,1,0,0,0,0,900,50,-34.582399,150.873213,0,0,1
567,OEH518,The Jetty (Shallows),Shellharbour,,,0,0,0,0,0,1,0,230,20,-34.592484,150.87818,0,0,0
568,OEH520,The Middy / Redsands,Shellharbour,,,0,0,0,0,0,0,1,30,20,-34.59375,150.88832,0,0,1
569,OEH521,Bushrangers Bay,Shellharbour,,,0,0,0,0,0,0,1,100,20,-34.59727,150.89954,0,0,0
570,OEH522,Maloneys,Shellharbour,,,0,0,0,0,0,0,1,40,40,-34.59851,150.88713,0,0,0
571,OEH523,Killalea / The Farm,Shellharbour,,,0,1,0,0,0,0,0,600,120,-34.60409,150.86795,0,0,0
572,,Minnamurra / Mystics,Shellharbour,,,0,0,0,0,0,1,0,1650,100,-34.621,150.85673,0,0,0
573,OEH525,Jones / Boyds,Kiama,34877.62477,B,1,0,0,0,0,1,0,1000,80,-34.637015,150.854971,1,0,1
574,,The Boneyard  / Cathederal Rocks,Kiama,,,0,0,0,0,0,0,1,50,20,-34.64952,150.86042,0,0,0
575,OEH527,Kiama / Bombo,Kiama,113459.8779,B,1,0,1,0,0,0,0,1200,80,-34.653731,150.857045,0,0,0
576,OEH529,Black,Kiama,,,1,0,0,0,0,0,1,250,30,-34.670506,150.856049,1,0,1
577,OEH530,Surf,Kiama,,,1,0,1,0,0,0,0,250,50,-34.676364,150.854983,1,1,1
578,,Kendalls,Kiama,,,1,0,0,0,0,1,0,350,70,-34.68121,150.85554,0,0,1
579,,Easts,Kiama,,,1,0,0,0,0,1,0,250,80,-34.689817,150.85308,0,0,1
580,OEH531,Loves Bay,Kiama,,,0,0,0,0,1,0,0,70,20,-34.697669,150.852218,0,0,0
581,OEH533,Werri ,Kiama,,,1,0,0,0,0,1,0,850,80,-34.734,150.835017,1,1,1
582,OEH532,Gerringong Harbour / Boat Harbour ,Kiama,34488.35845,C,0,0,0,0,0,0,1,30,20,-34.75095,150.83187,0,0,0
583,OEH534,Walkers,Kiama,,,0,0,0,0,0,1,0,300,50,-34.76286,150.82737,0,0,0
584,OEH536,Gerroa / Seven Mile,Kiama,,,1,0,1,0,0,0,0,2000,200,-34.7725,150.81444,1,0,1
585,OEH535,Mid Seven Mile ,Shoalhaven,,,0,0,0,0,0,1,0,7700,120,-34.7925,150.78056,0,0,1
586,OEH537,Seven Mile Beach,Kiama,,,0,0,0,0,0,1,0,12000,35,-34.803645,150.771329,0,0,0
587,,Shoalhaven Heads,Shoalhaven,43095.45923,A,1,0,1,0,0,0,0,2700,100,-34.851036,150.74979,1,1,1
588,,Comerong Island,Shoalhaven,,,0,0,0,0,0,1,0,5500,120,-34.8837,150.74924,0,0,0
589,OEH539,Tilbury Cove,Shoalhaven,78054.49706,B,1,0,0,0,0,1,0,150,30,-34.93176,150.77768,0,0,0
590,OEH542,Crookhaven / Culburra,Shoalhaven,46699.58038,A,1,0,1,0,0,0,0,3700,120,-34.933864,150.779068,1,0,1
591,OEH541,Warrain North,Shoalhaven,37510.28534,B,1,0,1,0,0,0,0,3700,100,-34.933894,150.779074,1,1,1
592,OEH544,Warrain South,Shoalhaven,,,0,0,0,0,0,1,0,6000,100,-34.98131,150.78254,0,0,0
593,OEH543,Hare Bay,Shoalhaven,,,0,0,0,0,0,0,1,3000,70,-34.99303,150.76316,0,0,0
594,OEH545,Callala Bay,Shoalhaven,,,0,0,0,0,0,0,1,2600,70,-34.9932,150.73447,1,0,1
595,OEH546,Chinamans,Shoalhaven,,,0,0,0,0,0,0,1,1800,100,-34.998902,150.770219,0,0,0
596,,Wilson,Shoalhaven,,,0,0,0,0,1,0,0,50,20,-35.003872,150.834104,0,0,1
597,OEH548,Lobster Bay,Shoalhaven,,,0,0,0,0,1,0,0,20,20,-35.00635,150.83827,0,0,1
598,OEH549,Currarong,Shoalhaven,,,0,0,0,0,0,1,0,1200,100,-35.00905,150.8052,1,0,1
599,OEH550,Abrahams Bosom,Shoalhaven,,,0,0,0,0,0,0,1,400,30,-35.01074,150.82733,0,0,1
600,OEH552,Callala,Shoalhaven,,,0,0,0,0,0,0,1,5500,120,-35.01795,150.68663,1,0,1
601,OEH554,Cabbage Tree ,Shoalhaven,,,0,0,0,0,0,0,1,300,60,-35.02225,150.7737,0,0,0
602,,Long ,Shoalhaven,,,0,0,0,0,0,0,1,2000,120,-35.03144,150.78605,0,0,1
603,OEH553,Shark Net  / Tapalla Point,Shoalhaven,,,0,0,0,0,0,0,1,625,40,-35.04063,150.67388,0,0,1
604,,Figtree Inlet,Shoalhaven,,,0,0,0,0,0,0,1,40,15,-35.04336,150.78444,0,0,0
605,,Huskisson,Shoalhaven,,,0,0,0,0,0,0,1,200,30,-35.04663,150.67586,1,0,1
606,OEH559,Bindijine ,Shoalhaven,,,0,0,0,0,0,0,1,300,30,-35.05398,150.77965,1,0,1
607,OEH558,Honeymoon Bay,Shoalhaven,,,0,0,0,0,0,0,1,100,50,-35.05718,150.77741,1,0,1
608,OEH560,Collingwood,Shoalhaven,,,0,0,0,0,0,0,1,2000,100,-35.06005,150.67486,1,0,0
609,OEH561,Orion ,Shoalhaven,,,0,0,0,0,0,0,1,200,30,-35.07149,150.68738,0,0,0
610,OEH562,Barfleur ,Shoalhaven,,,0,0,0,0,0,0,1,60,20,-35.07221,150.69282,0,0,0
611,OEH563,Target,Shoalhaven,,,0,0,0,0,0,1,0,200,100,-35.07242,150.78278,0,0,0
612,OEH565,Target North 2 ,Shoalhaven,,,0,0,0,1,0,0,0,80,20,-35.07295,150.78633,0,0,0
613,,Target North 1,Shoalhaven,,,0,0,0,1,0,0,0,40,20,-35.07473,150.78874,0,0,0
614,,Nelson,Shoalhaven,,,0,0,0,0,0,0,1,1000,80,-35.07629,150.69378,1,0,1
615,OEH578,Bream Creek / Boat Harbour ,Shoalhaven,,,0,0,0,1,0,0,0,30,50,-35.07658,150.794,0,0,0
616,OEH579,Silica Cove,Shoalhaven,,,0,0,0,0,0,0,1,200,30,-35.07812,150.77708,0,0,0
617,,Blenheim ,Shoalhaven,,,0,0,0,0,0,0,1,100,50,-35.08284,150.69171,1,0,1
618,OEH580,Greenfield ,Shoalhaven,,,0,0,0,0,0,0,1,200,100,-35.08794,150.69234,1,0,1
619,OEH581,Chinamans ,Shoalhaven,,,0,0,0,0,0,0,1,600,60,-35.09503,150.69341,0,0,0
620,OEH582,Hyams Point,Shoalhaven,,,0,0,0,0,0,0,1,50,30,-35.10036,150.69337,0,0,1
621,OEH583,Hyams,Shoalhaven,,,0,1,0,0,0,0,0,2800,80,-35.11289,150.69549,0,0,1
622,OEH584,Hyams,Jervis Bay Territory,,,0,0,0,0,1,0,0,3055,35,-35.11308675,150.6954983,0,0,1
623,OEH585,Murrays,Jervis Bay Territory,,,0,0,0,0,0,1,0,500,20,-35.12546,150.758233,0,0,0
624,OEH586,Captains,Jervis Bay Territory,,,0,0,0,0,0,1,0,85,30,-35.125795,150.710722,0,0,0
625,,Bristol Point,Jervis Bay Territory,,,0,0,0,0,0,1,0,90,20,-35.135542,150.727644,0,0,0
626,OEH589,The Wall / Hole in the Wall,Jervis Bay Territory,,,0,0,0,0,0,1,0,400,15,-35.135765,150.746968,0,0,0
627,OEH591,Greenpatch / Iluka,Jervis Bay Territory,,,0,0,0,0,0,1,0,85,25,-35.136567,150.724715,0,0,0
628,OEH593,Scottish Rocks,Jervis Bay Territory,,,0,0,0,0,0,1,0,1000,15,-35.137634,150.737432,0,0,0
629,OEH594,Cave  ,Jervis Bay Territory,,,0,0,0,0,0,0,1,900,35,-35.163068,150.671427,0,0,0
630,OEH595,Bherwerre,Shoalhaven,,,0,0,0,0,0,1,0,7000,30,-35.164491,150.649628,0,0,0
631,OEH596,Mary Cove,Jervis Bay Territory,,,0,0,0,0,0,0,1,600,40,-35.165349,150.686734,0,0,0
632,,Summercloud Bay,Jervis Bay Territory,,,0,0,0,0,0,0,1,300,15,-35.169501,150.690353,0,0,0
633,,Steamers,Jervis Bay Territory,,,0,0,0,0,0,0,1,600,30,-35.171822,150.727162,0,0,0
634,OEH599,Whiting South,Jervis Bay Territory,,,0,0,0,0,0,0,1,50,10,-35.176473,150.6919448,0,0,0
635,OEH600,Whiting ,Jervis Bay Territory,,,0,0,0,0,0,0,1,50,5,-35.17746,150.69571,0,0,0
636,,Whiting North,Jervis Bay Territory,,,0,0,0,0,0,0,1,70,5,-35.182521,150.696329,0,0,0
637,,Blackharbour,Jervis Bay Territory,,,0,0,0,0,0,0,1,30,10,-35.18384,150.695,0,0,0
638,OEH603,Kittys North,Jervis Bay Territory,,,0,0,0,0,1,0,0,30,10,-35.18717,150.6955,0,0,0
639,OEH604,Sussex Inlet,Shoalhaven,,,0,0,1,0,0,0,0,100,20,-35.187453,150.582083,0,0,0
640,,Kittys ,Jervis Bay Territory,,,0,0,0,0,0,1,0,50,20,-35.19011,150.69569,0,0,0
641,,Cudmirrah,Shoalhaven,48748.77794,B,1,0,1,0,0,0,0,3000,100,-35.19322,150.57268,1,1,0
642,,Berrara / Kirbys,Shoalhaven,,,0,0,0,0,0,1,0,600,40,-35.20478,150.55668,0,0,0
643,OEH609,Berrara Point,Shoalhaven,,,0,0,0,0,1,0,0,50,20,-35.20945,150.55124,0,0,0
644,OEH610,Berrara South,Shoalhaven,,,0,0,0,0,0,1,0,1300,60,-35.21396,150.54361,0,1,1
645,OEH612,Bangalay,Shoalhaven,,,0,0,0,0,0,1,0,200,60,-35.22312,150.53616,1,0,0
646,OEH613,Monument,Shoalhaven,,,0,0,0,0,0,1,0,500,60,-35.22891,150.53234,0,0,0
647,OEH614,Flat Rock,Shoalhaven,150927.5569,B,1,0,0,0,0,0,1,70,40,-35.23474,150.52988,0,0,0
648,OEH615,Dee,Shoalhaven,,,0,0,0,0,0,0,1,200,100,-35.23731,150.53059,0,0,0
649,OEH616,Washerwoman,Shoalhaven,,,0,0,0,0,0,0,1,900,100,-35.24219,150.53159,0,0,0
650,OEH617,Boat Harbour,Shoalhaven,,,0,0,1,0,0,0,0,380,50,-35.24507,150.5376,0,0,0
651,OEH618,Red Head / One Tree ,Shoalhaven,,,0,0,0,0,1,0,0,200,20,-35.24849,150.54092,0,0,0
652,OEH619,Bendalong / Inyadda,Shoalhaven,,,0,0,0,0,0,1,0,1300,100,-35.25204,150.5315,1,0,1
653,,Manyana,Shoalhaven,,,0,0,0,0,0,1,0,1500,80,-35.262,150.5163,1,0,1
654,OEH621,Cunjurong Point,Shoalhaven,,,0,0,0,0,0,1,0,700,120,-35.26974,150.51135,0,0,0
655,OEH622,Conjola,Shoalhaven,,,0,0,0,0,0,1,0,3100,80,-35.27905,150.49233,0,0,1
656,OEH623,Buckleys,Shoalhaven,,,0,0,0,0,0,1,0,1500,80,-35.29709,150.47636,0,0,0
657,OEH624,Narrawallee,Shoalhaven,155620.8129,B,1,0,0,0,0,1,0,1300,70,-35.31081,150.47315,1,0,1
658,OEH625,Jones,Shoalhaven,,,0,0,0,0,0,0,1,40,0,-35.32231,150.48361,0,0,0
659,OEH626,Mollymook North,Shoalhaven,249996.6199,B,1,0,1,0,0,0,0,666.6666667,30,-35.326641,150.478352,0,0,0
660,OEH627,Mollymook Mid,Shoalhaven,,,0,0,1,0,0,0,0,666.6666667,30,-35.33227,150.475122,0,0,0
661,OEH628,Mollymook,Shoalhaven,193500.6902,B,1,0,1,0,0,0,0,666.6666667,80,-35.3389,150.473576,1,1,1
662,OEH630,Golf Course Reef,Shoalhaven,,,0,0,0,0,0,1,0,300,20,-35.34336,150.47739,0,0,0
663,OEH629,Collers,Shoalhaven,,,0,0,0,0,0,1,0,100,25,-35.3461,150.47584,0,0,0
664,OEH631,Ulladulla Harbour North,Shoalhaven,,,0,0,0,0,0,0,1,250,15,-35.35375,150.47786,0,0,0
665,,Ulladulla Harbour,Shoalhaven,,,0,0,0,0,0,0,1,500,30,-35.35652,150.47492,1,0,1
666,OEH633,Ulladulla Harbour Sea Pool,Shoalhaven,,,0,0,0,0,0,0,1,300,20,-35.35924,150.47884,0,0,0
667,OEH634,Warden Head North,Shoalhaven,,,0,0,0,0,0,0,1,30,20,-35.36064,150.48425,0,0,0
668,OEH640,Warden Head South,Shoalhaven,,,0,0,0,0,0,1,0,60,20,-35.36613,150.48637,0,0,0
669,OEH635,Ulladulla / Bombie,Shoalhaven,,,0,0,0,0,0,1,0,60,180,-35.36665,150.48362,0,0,0
670,OEH637,Rennies,Shoalhaven,,,0,0,0,0,0,1,0,450,50,-35.3685,150.4789,0,0,0
671,OEH638,Racecourse,Shoalhaven,,,0,0,0,0,0,1,0,400,60,-35.37214,150.47389,0,0,0
672,OEH639,Racecourse South / Supertubes / Dolphin Point (?),Shoalhaven,,,0,0,0,0,0,1,0,1300,120,-35.38045,150.46304,0,1,1
673,,Burrill,Shoalhaven,,,0,0,0,0,0,1,0,1400,90,-35.39031,150.45215,0,1,1
674,OEH642,Wairo ,Shoalhaven,,,0,0,0,0,0,1,0,4700,90,-35.42303,150.42113,1,0,1
675,,Tabourie,Shoalhaven,,,0,0,0,0,0,1,0,2000,80,-35.4489,150.40379,1,0,1
676,OEH644,Stokes Island,Shoalhaven,,,0,0,0,0,0,1,0,250,60,-35.45611,150.40011,0,0,0
677,OEH645,Sunburnt,Shoalhaven,,,0,0,0,0,0,1,0,300,70,-35.45913,150.39615,0,0,0
678,OEH646,Termeil Lake,Shoalhaven,,,0,0,0,0,0,1,0,1500,100,-35.46817,150.3911,0,0,0
679,OEH647,Meroo,Shoalhaven,,,0,0,0,0,0,1,0,800,80,-35.48545,150.3903,0,0,0
680,OEH648,Nuggan Point,Shoalhaven,,,0,0,0,0,0,1,0,50,20,-35.49143,150.38995,0,0,0
681,OEH649,North,Shoalhaven,,,0,0,1,0,0,0,0,600,80,-35.49811,150.39066,1,0,1
682,OEH650,Bawley ,Shoalhaven,,,0,0,0,0,0,1,0,300,100,-35.50483,150.39242,0,0,1
683,OEH651,Cormorant,Shoalhaven,,,0,0,0,0,0,1,0,300,80,-35.50985,150.39774,1,0,0
684,OEH653,Gannet,Shoalhaven,,,0,0,0,0,0,1,0,300,60,-35.51557,150.39864,0,0,0
685,OEH656,Murramarang,Shoalhaven,,,0,0,0,0,0,1,0,800,70,-35.52259,150.40178,0,0,0
686,OEH657,Cat and Kitten,Shoalhaven,,,0,0,0,0,0,0,1,150,30,-35.52832,150.40576,0,0,0
687,,Bull Pup,Shoalhaven,,,0,0,0,0,0,0,1,300,40,-35.53171,150.4024,0,0,0
688,OEH659,Racecourse,Shoalhaven,,,0,0,0,0,0,1,0,1300,90,-35.53628,150.39218,0,0,0
689,OEH663,Shelly  (Shoalhaven),Shoalhaven,,,0,0,0,0,0,1,0,400,60,-35.54384,150.38672,0,0,0
690,OEH664,Avenue,Shoalhaven,,,0,0,0,0,0,1,0,750,80,-35.54867,150.38362,0,0,1
691,OEH665,Kioloa,Shoalhaven,,,0,0,0,0,0,1,0,550,80,-35.55553,150.3815,1,1,1
692,OEH662,Boat Ramp,Shoalhaven,,,0,0,0,0,0,1,0,25,20,-35.55827,150.38377,0,0,0
693,,Merry ,Shoalhaven,,,0,0,0,0,0,1,0,300,100,-35.56525,150.37544,0,0,0
694,OEH667,Pretty ,Shoalhaven,,,0,0,0,1,0,0,0,200,80,-35.57035,150.36564,0,0,0
695,,O'hara Island,Shoalhaven,,,0,0,0,1,0,0,0,300,30,-35.57405,150.36233,0,0,0
696,OEH669,O'Hara (S1),Shoalhaven,,,0,0,0,1,0,0,0,200,50,-35.57625,150.36069,0,0,0
697,OEH670,Singing Stones,Shoalhaven,,,0,0,0,1,0,0,0,23,15,-35.577367,150.358311,0,0,0
698,OEH672,O'Hara (S2),Shoalhaven,,,0,0,0,1,0,0,0,150,65,-35.57874,150.35659,0,0,0
699,,O'Hara (S3),Shoalhaven,,,0,0,0,1,0,0,0,100,30,-35.5808,150.3545,0,0,0
700,OEH673,Dawson Island North,Shoalhaven,,,0,0,0,1,0,0,0,300,50,-35.58461,150.35229,0,0,0
701,OEH674,Dawson Island South,Shoalhaven,,,0,0,0,1,0,0,0,200,25,-35.58579,150.35175,0,0,0
702,OEH675,Snake Bay North,Shoalhaven,,,0,0,0,1,0,0,0,50,35,-35.58794,150.34652,0,0,0
703,OEH676,Snake Bay South,Shoalhaven,,,0,0,0,1,0,0,0,50,25,-35.59736,150.34017,0,0,0
704,OEH677,Burns Bay,Shoalhaven,,,0,0,0,1,0,0,0,130,30,-35.60358,150.33437,0,0,0
705,OEH679,Pebbly ,Shoalhaven,,,0,0,0,1,0,0,0,500,100,-35.60874,150.32895,1,0,1
706,OEH680,Depot ,Shoalhaven,,,0,0,0,1,0,0,0,500,60,-35.62654,150.3232,1,0,1
707,OEH681,Tranquillity Bay,Shoalhaven,,,0,0,0,1,0,0,0,70,30,-35.62951,150.32725,0,0,1
708,OEH684,Durras North,Shoalhaven,,,0,0,0,0,0,1,0,1500,80,-35.63551,150.31322,0,0,1
709,OEH685,Durras,Eurobodalla,,,0,0,0,0,0,1,0,2000,80,-35.64898,150.2984,1,1,1
710,OEH686,Durras South / Cookies,Eurobodalla,,,0,0,0,0,0,1,0,800,60,-35.66325,150.29688,0,1,1
711,OEH687,Beagle Bay / Mills,Eurobodalla,,,0,0,0,0,0,0,1,250,40,-35.66728,150.30164,0,0,1
712,OEH688,Emily Miller,Eurobodalla,,,0,0,0,0,0,0,1,300,40,-35.67355,150.30184,0,0,0
713,,Dark,Eurobodalla,,,0,0,0,0,0,0,1,100,30,-35.67895,150.29982,0,0,0
714,OEH690,Myrtle,Eurobodalla,,,0,0,0,0,0,0,1,250,40,-35.68372,150.29958,0,0,0
715,,South Myrtle,Eurobodalla,,,0,0,0,0,0,0,1,150,20,-35.68589,150.29752,0,0,0
716,OEH692,Richmond,Eurobodalla,,,0,0,0,0,0,1,0,300,50,-35.69362,150.29181,1,0,1
717,,Cullendulla,Eurobodalla,,,0,0,0,0,0,0,1,700,40,-35.70122,150.20481,0,0,0
718,OEH694,Surfside,Eurobodalla,,,0,0,0,0,0,0,1,800,60,-35.70305,150.19585,0,0,0
719,OEH695,Surfside  South ,Eurobodalla,,,0,0,0,0,0,0,1,1000,30,-35.7037,150.18686,1,1,1
720,,Oaky ,Eurobodalla,,,0,0,0,0,0,1,0,250,60,-35.70379,150.28096,0,0,0
721,OEH697,Long North 2,Eurobodalla,,,0,0,0,0,0,0,1,200,15,-35.70469,150.2372,0,0,0
722,OEH698,Long,Eurobodalla,,,0,0,0,0,0,0,1,2300,50,-35.70471,150.22258,0,0,0
723,OEH700,Long North 1,Eurobodalla,,,0,0,0,0,0,0,1,200,20,-35.70776,150.23962,0,0,0
724,OEH703,Maloneys,Eurobodalla,,,0,0,0,0,0,0,1,1000,50,-35.71025,150.24733,0,0,0
725,OEH702,Honeysuckle,Eurobodalla,,,0,0,0,0,0,0,1,100,30,-35.7112,150.27706,0,0,0
726,OEH701,Acheron Ledge,Eurobodalla,,,0,0,0,0,0,0,1,300,50,-35.71595,150.25681,0,0,1
727,OEH704,Chain Bay,Eurobodalla,,,0,0,0,0,0,0,1,100,20,-35.71718,150.25155,0,0,0
728,OEH705,Acheron Ledge North,Eurobodalla,,,0,0,0,0,0,0,1,300,20,-35.71722,150.26132,0,0,0
729,OEH706,North Head ,Eurobodalla,,,0,0,0,0,0,0,1,300,80,-35.71906,150.27151,0,0,0
730,OEH707,Corrigans,Eurobodalla,,,0,0,0,0,0,0,1,2000,100,-35.72619,150.19844,1,1,0
731,,Batehaven / Caseys,Eurobodalla,,,0,0,0,0,0,0,1,1000,40,-35.73574,150.20783,1,0,1
732,OEH710,Sunshine Cove,Eurobodalla,,,0,0,0,0,0,0,1,300,30,-35.74151,150.21217,0,0,0
733,OEH711,Denhams,Eurobodalla,,,0,0,0,0,0,1,0,200,80,-35.75325,150.21209,1,1,1
734,,Surf ,Eurobodalla,,,0,0,0,0,0,1,0,300,80,-35.758778,150.210796,1,0,1
735,OEH712,Wimbie,Eurobodalla,,,0,0,0,0,0,0,1,250,60,-35.7618,150.214,1,0,1
736,OEH713,Circuit,Eurobodalla,,,0,0,0,0,0,0,1,60,30,-35.77088,150.22603,0,0,0
737,OEH714,Lilli Pilli,Eurobodalla,,,0,0,0,0,0,1,0,250,60,-35.77444,150.23118,1,0,1
738,,Mosquito Bay,Eurobodalla,,,0,0,0,0,0,0,1,50,30,-35.78155,150.23275,1,0,1
739,OEH716,Garden Bay,Eurobodalla,,,0,0,0,0,0,0,1,100,30,-35.78538,150.23328,0,0,0
740,OEH717,Malua Bay,Eurobodalla,51554.49879,B,1,0,0,0,0,1,0,400,60,-35.793847,150.22987,1,0,1
741,OEH718,Pretty Point Bay,Eurobodalla,,,0,0,0,0,0,0,1,100,20,-35.80113,150.23024,0,0,0
742,OEH719,McKenzies ,Eurobodalla,,,0,0,0,0,0,1,0,250,60,-35.80422,150.22678,0,0,0
743,,Rosedale North,Eurobodalla,,,0,0,0,0,0,0,1,200,20,-35.80879,150.22449,0,0,0
744,OEH722,Rosedale,Eurobodalla,,,0,0,0,0,0,1,0,700,60,-35.81392,150.22632,0,0,0
745,OEH720,Jimmies Island,Eurobodalla,,,0,0,0,0,0,0,1,50,20,-35.81798,150.23028,0,0,0
746,OEH723,Nuns ,Eurobodalla,,,0,0,0,0,0,0,1,60,30,-35.81868,150.2276,0,0,0
747,OEH724,Black,Eurobodalla,,,0,0,0,0,0,0,1,50,30,-35.82079,150.22521,1,0,1
748,OEH726,Guerilla Bay North,Eurobodalla,,,0,0,0,0,0,0,1,100,20,-35.82444,150.22604,0,0,0
749,OEH725,Guerilla Bay,Eurobodalla,,,0,0,0,0,0,0,1,200,60,-35.82763,150.22524,0,0,0
750,,Barlings,Eurobodalla,,,0,0,0,0,0,1,0,1200,80,-35.8288,150.19909,0,0,0
751,OEH728,Burrewarra Point 3 / Little Paddock,Eurobodalla,,,0,0,0,0,0,1,0,150,30,-35.83093,150.21721,0,0,0
752,OEH729,Burrewarra Point 2,Eurobodalla,,,0,0,0,0,0,0,1,30,20,-35.83101,150.22139,0,0,0
753,OEH732,Tomakin Cove,Eurobodalla,,,0,0,0,0,0,0,1,300,60,-35.83151,150.19196,1,0,1
754,OEH731,Burrewarra Point 4 ,Eurobodalla,,,0,0,0,0,1,0,0,300,30,-35.83156,150.21175,0,0,0
755,OEH730,Burrewarra Point 1,Eurobodalla,,,0,0,0,0,0,0,1,60,190,-35.83215,150.22668,0,0,0
756,OEH733,Tomakin,Eurobodalla,,,0,0,0,0,0,1,0,1000,60,-35.83318,150.18666,0,0,0
757,OEH734,Broulee,Eurobodalla,,,0,0,0,0,0,1,0,2000,80,-35.8497,150.17811,0,0,0
758,OEH735,Broulee Spit,Eurobodalla,,,0,0,0,0,0,0,1,200,100,-35.85787,150.18153,0,0,0
759,OEH736,Bengello  / South Broulee / South,Eurobodalla,111894.7235,B,1,0,1,0,0,0,0,5000,100,-35.85893,150.175651,1,1,1
760,OEH737,North Head / Airport,Eurobodalla,,,0,0,0,0,0,1,0,1000,25,-35.902668,150.150319,0,0,0
761,OEH739,Moruya Heads 1,Eurobodalla,,,0,0,0,0,0,0,1,200,30,-35.90858,150.1541,0,0,0
762,,Moruya Heads 2,Eurobodalla,,,0,0,0,0,0,0,1,150,30,-35.90858,150.1541,0,0,0
763,OEH741,Shelly ,Eurobodalla,,,0,0,0,0,0,0,1,200,20,-35.90895,150.15717,0,0,0
764,OEH742,Moruya (Heads),Eurobodalla,12039.67155,B,1,0,1,0,0,0,0,2500,120,-35.913606,150.157484,1,1,0
765,OEH743,Pedro,Eurobodalla,,,0,0,0,0,0,1,0,2500,90,-35.94245,150.15575,0,0,0
766,OEH744,Congo,Eurobodalla,,,0,0,1,0,0,0,0,1300,70,-35.96065,150.15616,0,0,0
767,OEH745,Congo Point South 1,Eurobodalla,,,0,0,0,1,0,0,0,100,20,-35.97029,150.15306,0,0,0
768,OEH746,Congo Point South 2,Eurobodalla,,,0,0,0,0,0,1,0,200,40,-35.97335,150.15209,0,0,0
769,OEH747,Meringo,Eurobodalla,,,0,0,0,0,0,1,0,1000,50,-35.97994,150.15143,0,0,0
770,OEH748,Koonwarra / Meringo  South,Eurobodalla,,,0,0,0,0,0,1,0,1000,50,-35.98974,150.15327,0,0,0
771,OEH749,Mullimburra Point / Family / Honeymoon,Eurobodalla,,,0,0,0,0,0,1,0,150,100,-35.99323,150.16083,0,0,1
772,OEH750,Mullimburra Point South 1,Eurobodalla,,,0,0,0,0,0,1,0,60,20,-35.99532,150.16133,0,0,1
773,,Mullimburra Point South 2,Eurobodalla,,,0,0,0,0,0,1,0,100,30,-35.99722,150.15993,0,0,1
774,OEH752,Mullimburra Point South 3,Eurobodalla,,,0,0,0,0,0,1,0,300,70,-36.00036,150.15904,0,0,0
775,OEH753,Kellys Lake,Eurobodalla,,,0,0,0,0,0,1,0,1000,50,-36.00749,150.15776,0,0,0
776,OEH754,Bingie Bingie Point ,Eurobodalla,,,0,0,0,0,0,1,0,200,50,-36.01446,150.16006,0,0,0
777,OEH755,Bingie ,Eurobodalla,,,0,0,0,0,0,1,0,4200,30,-36.03352,150.14709,0,0,0
778,OEH756,Coila Bar,Eurobodalla,,,0,0,0,0,0,1,0,1200,120,-36.04722,150.15556,1,0,1
779,OEH757,Coila South  (Stonesys),Eurobodalla,,,0,0,0,0,0,1,0,40,20,-36.05358,150.14226,0,0,0
780,OEH758,Tarandore Point / Plantation ,Eurobodalla,,,0,0,0,0,0,1,0,250,100,-36.058201,150.141901,0,0,0
781,OEH759,One Tree,Eurobodalla,,,0,0,1,0,0,0,0,250,100,-36.0616,150.14107,0,0,0
782,OEH760,Tuross Head,Eurobodalla,,,0,0,1,0,0,0,0,250,50,-36.06419,150.13823,0,0,0
783,OEH761,Tuross Entrance,Eurobodalla,,,0,0,1,0,0,0,0,100,100,-36.06635,150.13576,0,0,0
784,OEH762,South Tuross,Eurobodalla,,,0,0,0,0,0,1,0,1200,100,-36.07656,150.13361,0,0,0
785,OEH763,Blackfellows Point,Eurobodalla,,,0,0,0,0,0,1,0,250,100,-36.08148,150.13297,0,0,0
786,OEH764,Piccaninny,Eurobodalla,,,0,0,0,0,0,1,0,100,50,-36.08482,150.13409,0,0,0
787,OEH765,Potato,Eurobodalla,,,0,0,0,0,0,1,0,900,80,-36.09082,150.1347,1,0,1
788,OEH766,Jemisons,Eurobodalla,,,0,0,0,0,0,1,0,750,60,-36.09891,150.13722,0,0,0
789,,Brou,Eurobodalla,,,0,0,0,0,0,1,0,2500,100,-36.12778,150.12583,0,0,0
790,OEH768,Dalmeny,Eurobodalla,,,0,0,1,0,0,0,0,4000,100,-36.16167,150.12583,0,0,0
791,OEH769,Joshs,Eurobodalla,,,0,0,0,0,0,1,0,50,20,-36.16934,150.13178,0,0,0
792,OEH770,Yabbara,Eurobodalla,,,0,0,0,0,0,1,0,300,80,-36.17554,150.13295,0,0,0
793,OEH771,Duesburys,Eurobodalla,,,0,0,0,0,0,1,0,500,60,-36.18148,150.13228,0,0,0
794,OEH772,Kianga,Eurobodalla,,,0,0,0,0,0,1,0,500,50,-36.18899,150.13222,0,0,1
795,OEH773,Kianga South,Eurobodalla,,,0,0,0,0,0,1,0,400,40,-36.19564,150.13216,0,0,0
796,OEH774,Carters,Eurobodalla,,,0,0,0,0,0,1,0,200,100,-36.20015,150.1315,0,0,1
797,OEH775,Bar ,Eurobodalla,,,0,0,0,0,0,0,1,750,150,-36.20571,150.13169,1,1,0
798,OEH779,Wagonga Inlet / Bar South,Eurobodalla,,,0,0,0,0,0,0,1,200,50,-36.21088,150.1313,1,0,1
799,OEH776,Smugglers Cove,Eurobodalla,,,0,0,1,0,0,0,0,700,50,-36.22055,150.14034,0,0,0
800,OEH780,Narooma,Eurobodalla,23392.4601,B,1,0,1,0,0,0,0,750,120,-36.22371,150.1409,1,1,1
801,OEH781,Glass House Rocks North,Eurobodalla,,,0,0,0,0,0,1,0,700,40,-36.23076,150.14329,0,0,0
802,OEH782,Glass House Rocks South 1,Eurobodalla,,,0,0,0,0,0,1,0,250,20,-36.23507,150.14573,0,0,0
803,,Glass House Rocks South 2,Eurobodalla,,,0,0,0,0,0,1,0,50,90,-36.23696,150.14636,0,0,0
804,,Bullengella,Eurobodalla,,,0,0,0,0,0,1,0,650,80,-36.24114,150.14494,0,0,0
805,OEH783,Handkerchief,Eurobodalla,,,0,0,0,0,0,1,0,1000,50,-36.2481,150.14317,0,0,0
806,OEH786,Barunga Point,Eurobodalla,,,0,0,0,1,0,0,0,150,30,-36.25637,150.14448,0,0,0
807,OEH787,Bogola Head,Eurobodalla,,,0,0,0,0,0,1,0,250,40,-36.25965,150.14442,0,0,0
808,OEH788,Fuller North,Eurobodalla,,,0,0,0,0,0,1,0,700,50,-36.26804,150.14568,0,0,0
809,OEH789,Fuller South,Eurobodalla,,,0,0,0,0,0,1,0,1200,60,-36.27399,150.13968,0,0,0
810,OEH790,Loader,Eurobodalla,,,0,0,0,0,0,1,0,1200,50,-36.28483,150.13289,0,0,0
811,OEH791,Corunna Point / Billies,Eurobodalla,,,0,0,0,0,0,0,1,100,40,-36.29339,150.13212,0,0,0
812,OEH792,Mystery Bay,Eurobodalla,,,0,0,0,1,0,0,0,800,30,-36.30244,150.13441,0,0,0
813,OEH793,Cape Dromedary South 1,Eurobodalla,,,0,0,0,0,0,1,0,1300,20,-36.30746,150.13599,0,0,0
814,OEH794,Cape Dromedary South 2,Eurobodalla,,,0,0,0,0,0,1,0,100,30,-36.31395,150.13194,0,0,0
815,OEH795,Cape Dromedary South 3,Eurobodalla,,,0,0,0,0,0,1,0,200,30,-36.31714,150.12887,0,0,0
816,,Tilba Tilba North,Eurobodalla,,,0,0,0,0,0,1,0,150,50,-36.32038,150.12442,0,0,0
817,OEH797,Tilba Tilba,Eurobodalla,,,0,0,0,0,0,1,0,1000,60,-36.32456,150.11846,0,0,0
818,OEH798,Tilba Tilba Head,Eurobodalla,,,0,0,0,0,0,1,0,50,20,-36.32979,150.11413,0,0,0
819,OEH799,Little Lake,Eurobodalla,,,0,0,0,0,0,1,0,1800,60,-36.33668,150.10538,0,0,0
820,OEH800,Wallaga Lake,Eurobodalla,,,0,0,0,0,0,1,0,3300,60,-36.35615,150.08854,0,0,0
821,,Pebbly,Bega Valley,,,0,0,0,0,0,0,1,300,20,-36.37507,150.0812,0,0,0
822,OEH803,Camel Rock,Bega Valley,68308.64105,B,1,0,0,0,0,1,0,1000,55,-36.37902,150.0775,0,0,0
823,,Haywards,Bega Valley,,,0,0,0,0,1,0,0,2500,60,-36.39497,150.06849,0,0,1
824,OEH804,Haywards Point,Bega Valley,,,0,0,0,0,1,0,0,600,60,-36.41082,150.06535,0,0,0
825,OEH805,Keatings Head,Bega Valley,,,0,0,0,0,1,0,0,300,85,-36.41586,150.0665,0,0,0
826,OEH806,Morehead,Bega Valley,,,0,0,0,0,1,0,0,750,30,-36.42033,150.06826,0,0,0
827,OEH807,Bermagui Inlet 1,Bega Valley,,,0,0,0,0,0,0,1,38,15,-36.42364,150.07223,0,0,0
828,OEH809,Bermagui Inlet 2,Bega Valley,,,0,0,0,0,0,0,1,50,17,-36.4242,150.0733,0,0,0
829,OEH810,Horseshoe Bay,Bega Valley,90985.84809,B,1,0,1,0,0,0,0,500,40,-36.42459,150.07649,1,1,1
830,OEH811,Beares North,Bega Valley,,,0,0,0,0,1,0,0,200,30,-36.43293,150.07877,0,0,0
831,OEH812,Beares,Bega Valley,,,0,0,0,0,1,0,0,700,40,-36.4366,150.07576,0,0,0
832,OEH813,Breakaway,Bega Valley,,,0,0,0,0,1,0,0,80,30,-36.44423,150.0724,0,0,0
833,OEH808,Zane Grey Pool,Bega Valley,,,0,0,0,0,1,0,0,80,20,-36.45025,150.07141,0,0,0
834,,Jerimbut Point,Bega Valley,,,0,0,0,0,1,0,0,80,20,-36.453,150.07114,0,0,0
835,,Jaggers,Bega Valley,,,0,0,0,0,1,0,0,200,50,-36.46045,150.07004,0,0,0
836,,Baragoot,Bega Valley,,,0,0,0,1,0,0,0,3000,60,-36.47277,150.06018,0,0,1
837,OEH817,Cuttagee,Bega Valley,,,0,0,0,0,1,0,0,900,60,-36.49242,150.05445,0,0,0
838,OEH818,Mills,Bega Valley,,,0,0,0,0,1,0,0,200,30,-36.49659,150.05612,0,0,0
839,OEH819,Barragga Bay,Bega Valley,,,0,0,0,0,1,0,0,350,50,-36.50219,150.05851,0,0,0
840,OEH820,Armonds Bay,Bega Valley,,,0,0,0,0,1,0,0,250,50,-36.51026,150.05917,0,0,0
841,OEH821,Murrah - Bunga,Bega Valley,,,0,0,0,0,1,0,0,2000,60,-36.53476,150.05532,0,0,0
842,OEH822,Bunga North,Bega Valley,,,0,0,0,1,0,0,0,200,30,-36.55554,150.06367,0,0,0
843,OEH823,Bunga,Bega Valley,,,0,0,0,1,0,0,0,800,50,-36.56279,150.06037,0,0,0
844,OEH824,Bunga South,Bega Valley,,,0,0,0,1,0,0,0,350,40,-36.57129,150.05612,0,0,0
845,OEH825,Aragunnu Bay,Bega Valley,,,0,0,0,1,0,0,0,700,60,-36.58757,150.04544,0,0,0
846,OEH826,Bengunnu Point North,Bega Valley,,,0,0,0,1,0,0,0,70,20,-36.60193,150.03837,0,0,0
847,,Begunnu Point 1,Bega Valley,,,0,0,0,1,0,0,0,80,30,-36.6029,150.03747,0,0,0
848,OEH829,Begunnu Point 2,Bega Valley,,,0,0,0,1,0,0,0,50,30,-36.60558,150.03506,0,0,0
849,OEH830,Picnic North,Bega Valley,,,0,0,0,1,0,0,0,200,40,-36.60812,150.03329,0,0,0
850,,Picnic ,Bega Valley,,,0,0,0,1,0,0,0,500,40,-36.61221,150.03028,0,0,0
851,OEH831,Picnic Point,Bega Valley,,,0,0,0,1,0,0,0,60,20,-36.61546,150.02995,0,0,0
852,OEH832,Bithry Inlet North,Bega Valley,,,0,0,0,0,1,0,0,200,30,-36.61977,150.02811,0,0,0
853,OEH833,Bithry Inlet,Bega Valley,,,0,0,0,0,1,0,0,200,20,-36.62306,150.02492,0,0,0
854,,Penders ,Bega Valley,,,0,0,0,1,0,0,0,1000,30,-36.63264,150.01882,0,0,0
855,OEH835,Middle North,Bega Valley,,,0,0,0,1,0,0,0,800,60,-36.64687,150.01153,0,0,0
856,,Middle South,Bega Valley,,,0,0,0,1,0,0,0,600,40,-36.65271,150.0079,0,0,0
857,,Gillards,Bega Valley,,,0,0,0,1,0,0,0,1600,40,-36.66203,150.0016,0,0,0
858,,Cowdroys,Bega Valley,,,0,0,0,1,0,0,0,1300,50,-36.67495,149.9954,0,0,0
859,OEH840,Nelson ,Bega Valley,,,0,0,0,1,0,0,0,600,60,-36.68818,149.99274,0,0,0
860,,Moon Bay,Bega Valley,,,0,0,0,1,0,0,0,100,30,-36.69463,149.98979,0,0,0
861,OEH843,Paspalum Point,Bega Valley,,,0,0,0,1,0,0,0,60,30,-36.69737,149.98867,0,0,0
862,OEH844,Mogareeka Inlet,Bega Valley,,,0,0,0,0,0,0,1,150,30,-36.69972,149.9858,0,0,0
863,,Tathra,Bega Valley,85454.97764,A,1,0,1,0,0,0,0,3000,60,-36.727086,149.982543,1,1,1
864,OEH845,Kianinny Bay,Bega Valley,,,0,0,0,0,0,0,1,200,10,-36.73694,149.98202,1,0,1
865,OEH846,Boulder Bay,Bega Valley,,,0,0,0,1,0,0,0,60,20,-36.74807,149.98078,0,0,0
866,OEH373,Games Bay,Bega Valley,,,0,0,0,1,0,0,0,50,20,-36.77518,149.97026,0,0,0
867,,Wallagoot Gap,Bega Valley,,,0,0,0,1,0,0,0,20,30,-36.78745,149.96236,0,0,0
868,OEH836,Wallagoot - Bournda,Bega Valley,,,0,0,0,1,0,0,0,4200,50,-36.80318,149.94522,1,0,1
869,OEH849,Bournda Island,Bega Valley,,,0,0,0,1,0,0,0,100,50,-36.8214,149.94043,1,0,1
870,OEH850,North Tura / Dolphin Cove,Bega Valley,,,0,0,0,1,0,0,0,2800,50,-36.83388,149.93494,1,0,1
871,,Tura Head,Bega Valley,,,0,0,0,0,1,0,0,100,40,-36.85524,149.9438,0,0,0
872,,Short Point / Tura,Bega Valley,67029.01446,B,1,0,0,0,0,1,0,3500,80,-36.86812,149.93263,1,0,0
873,,Middle ,Bega Valley,,,0,0,0,0,1,0,0,700,30,-36.89318,149.92953,1,0,1
874,,Bar ,Bega Valley,100644.3875,B,1,0,1,0,0,0,0,50,30,-36.895208,149.924111,1,1,0
875,OEH837,Merimbula,Bega Valley,271974.1978,B,1,0,1,0,0,0,0,3000,70,-36.89667,149.91639,0,0,0
876,OEH856,Pambula,Bega Valley,104476.2121,A,1,0,1,0,0,0,0,3000,60,-36.94185,149.908454,1,0,1
877,OEH854,Shelly,Bega Valley,,,0,0,0,1,0,0,0,40,20,-36.94302,149.9278,1,1,1
878,OEH855,Little / Jigums,Bega Valley,,,0,0,0,0,1,0,0,300,50,-36.94451,149.91323,0,0,0
879,OEH848,Bar Mouth South,Bega Valley,,,0,0,0,1,0,0,0,1000,20,-36.94746,149.92157,0,0,0
880,OEH864,Bar Mouth North,Bega Valley,,,0,0,0,0,0,0,1,150,20,-36.94826,149.91342,0,0,0
881,OEH858,Long  / Haycock,Bega Valley,,,0,0,0,1,0,0,0,2700,80,-36.96222,149.93219,0,0,0
882,,Quondolo,Bega Valley,,,0,0,0,1,0,0,0,1400,60,-36.9804,149.92723,0,0,0
883,OEH859,Pinnacles,Bega Valley,,,0,0,0,1,0,0,0,2800,50,-36.99984,149.92747,0,0,0
884,OEH860,Worang Point,Bega Valley,,,0,0,0,1,0,0,0,100,20,-37.04978,149.93531,0,0,0
885,,Aslings,Bega Valley,55560.40845,B,1,0,1,0,0,0,0,2400,60,-37.05448,149.91432,0,0,1
886,OEH862,Cattle Bay Wharf,Bega Valley,,,0,0,0,0,0,0,1,100,10,-37.06911,149.90193,0,0,0
887,OEH863,Snug Cove,Bega Valley,,,0,0,0,0,0,0,1,50,5,-37.0706,149.90631,0,0,0
888,OEH865,Yallumgo Cove,Bega Valley,,,0,0,0,0,0,0,1,100,10,-37.07119,149.91132,0,0,0
889,,Cocora,Bega Valley,,,0,0,1,0,0,0,0,300,30,-37.07149,149.89802,1,0,0
890,,By ,Bega Valley,,,0,0,0,0,0,0,1,45,13,-37.07415,149.90984,0,0,0
891,OEH867,Bungo,Bega Valley,,,0,0,0,0,0,0,1,200,30,-37.07561,149.89025,0,0,0
892,OEH868,Rixons,Bega Valley,,,0,0,0,0,0,0,1,300,20,-37.07639,149.88654,0,0,0
893,OEH870,Quarantine Bay,Bega Valley,,,0,0,0,0,0,0,1,250,20,-37.0764,149.88372,1,0,0
894,OEH869,Legges,Bega Valley,,,0,0,0,0,0,0,1,500,30,-37.07866,149.87697,0,0,0
895,OEH872,Brandy Creek ,Bega Valley,,,0,0,0,0,0,0,1,100,30,-37.08282,149.87263,0,0,0
896,OEH873,Currawulla,Bega Valley,,,0,0,0,0,0,0,1,350,40,-37.08585,149.87269,0,0,0
897,OEH874,Northcote,Bega Valley,,,0,0,0,0,0,0,1,100,20,-37.08995,149.87347,0,0,0
898,,Boydtown,Bega Valley,,,0,0,0,0,0,0,1,2000,60,-37.09945,149.87648,1,0,1
899,,Torarago Point,Bega Valley,,,0,0,0,0,0,0,1,150,40,-37.09973,149.89497,0,0,0
900,,Moutrys,Bega Valley,,,0,0,0,0,0,0,1,40,30,-37.1013,149.89616,0,0,0
901,,Munganno North,Bega Valley,,,0,0,0,0,0,0,1,20,10,-37.10139,149.9304,0,0,0
902,,Munganno South,Bega Valley,,,0,0,0,0,0,0,1,30,20,-37.10354,149.92861,0,0,0
903,,Edrom 2,Bega Valley,,,0,0,0,0,0,0,1,70,20,-37.10555,149.93005,0,0,0
904,,Edrom 1 ,Bega Valley,,,0,0,0,0,0,0,1,70,20,-37.1076,149.92997,0,0,0
905,,Whale ,Bega Valley,,,0,0,0,0,0,0,1,1500,60,-37.10775,149.90338,0,0,0
906,,Brierly Point,Bega Valley,,,0,0,0,1,0,0,0,200,30,-37.11008,149.91466,0,0,0
907,,Brierly Point East 1,Bega Valley,,,0,0,0,0,1,0,0,200,30,-37.11035,149.91811,0,0,0
908,,Brierly Point East 2,Bega Valley,,,0,0,0,0,1,0,0,200,30,-37.11066,149.92114,0,0,0
909,,Fisheries,Bega Valley,,,0,0,0,0,0,0,1,500,60,-37.11143,149.92719,0,0,0
910,,Leatherjacket Bay,Bega Valley,,,0,0,0,1,0,0,0,660,20,-37.12724,149.97013,0,0,0
911,,Mowarry Point (2),Bega Valley,,,0,0,0,1,0,0,0,100,30,-37.13963,149.99206,0,0,0
912,,Mowarry Point (1),Bega Valley,,,0,0,0,1,0,0,0,30,20,-37.14111,149.98762,0,0,0
913,,Saltwater North,Bega Valley,,,0,0,0,1,0,0,0,50,30,-37.16347,150.00298,0,0,0
914,,Saltwater Creek,Bega Valley,,,0,0,0,1,0,0,0,500,30,-37.16994,150.00348,0,0,0
915,1,Bittangabee Bay,Bega Valley,,,0,0,0,1,0,0,0,50,20,-37.21597,150.0149,0,0,1
916,,Disaster Bay,Bega Valley,,,0,0,0,1,0,0,0,2700,80,-37.24321,149.9773,0,0,0
917,,Wonboyn Bay,Bega Valley,,,0,0,0,1,0,0,0,4200,80,-37.26504,149.95121,0,0,0
918,,Merrica,Bega Valley,,,0,0,0,1,0,0,0,150,30,-37.29573,149.95108,0,0,0
919,,1568,Bega Valley,,,0,0,0,1,0,0,0,30,10,-37.31301,149.96704,0,0,0
920,,Jane Spiers North,Bega Valley,,,0,0,0,1,0,0,0,250,30,-37.33024,149.96875,0,0,0
921,,Jane Spiers,Bega Valley,,,0,0,0,1,0,0,0,2300,60,-37.34513,149.96023,0,0,0
922,,Newtons,Bega Valley,,,0,0,0,1,0,0,0,1900,60,-37.3666,149.95117,0,0,0
923,,Little Creek,Bega Valley,,,0,0,0,1,0,0,0,250,40,-37.40773,149.95354,0,0,0
924,,Nadgee,Bega Valley,,,0,0,0,1,0,0,0,500,50,-37.44031,149.96763,0,0,0
925,,Nadgee Lake,Bega Valley,,,0,0,0,1,0,0,0,1200,60,-37.46601,149.97262,0,0,0
926,,Cape Howe,Bega Valley,,,0,0,0,1,0,0,0,600,40,-37.49668,149.97397,0,0,0
